"county_id","region_type","policy_type","inspection_count","grants_million","compliance_score","public_support_pct","emissions_baseline_index","policy_adopted"
"C0001","Suburban","Transit_Upgrade",0,0.3,68.6,60.3,61,0
"C0002","Suburban","Building_Retrofit",2,1.85,72.9,82.9,78.8,1
"C0003","Suburban","EV_Charging",5,7.6,53.1,41.6,20,1
"C0004","Suburban","Building_Retrofit",6,3.36,92.2,77.5,88.9,1
"C0005","Suburban","Transit_Upgrade",3,7.2,70.6,66.9,59.4,1
"C0006","Suburban","EV_Charging",0,5.91,72.9,30.5,66.6,1
"C0007","Urban","EV_Charging",5,6.33,59.4,45.5,42.7,1
"C0008","Suburban","Transit_Upgrade",1,3.35,54.6,68.5,67.7,1
"C0009","Urban","Building_Retrofit",8,7.14,100,62.2,69.5,1
"C0010","Urban","Building_Retrofit",4,2.4,82.7,69.6,56.7,1
"C0011","Urban","Building_Retrofit",4,1.16,65.6,92.2,78,1
"C0012","Suburban","Building_Retrofit",1,3.77,52.1,50.8,36.4,1
"C0013","Rural","EV_Charging",4,0.65,68.6,58.3,51.2,1
"C0014","Suburban","EV_Charging",7,4.26,80,90.1,52.9,1
"C0015","Rural","Transit_Upgrade",5,5.98,86.6,67,63.9,1
"C0016","Suburban","Transit_Upgrade",1,6.12,61.1,40.3,39.3,1
"C0017","Suburban","Transit_Upgrade",1,7.82,43.4,54.9,50.7,0
"C0018","Suburban","EV_Charging",3,7.42,77,88.1,64.3,1
"C0019","Urban","EV_Charging",6,3.77,82.8,33.6,61.8,1
"C0020","Urban","EV_Charging",3,3.29,79.9,22.7,43.3,1
"C0021","Rural","Building_Retrofit",8,6.49,69.3,37.1,44.1,1
"C0022","Urban","Building_Retrofit",2,3.54,79.8,42.9,62.8,1
"C0023","Rural","Building_Retrofit",7,2.34,52.3,49.3,41.9,1
"C0024","Suburban","Transit_Upgrade",4,7.55,62.3,54.1,68.5,1
"C0025","Suburban","Transit_Upgrade",0,7.99,73.9,48.4,71.7,1
"C0026","Suburban","EV_Charging",1,5.77,86.3,71.5,45.2,1
"C0027","Suburban","Transit_Upgrade",6,3.13,58.1,48.7,60.2,1
"C0028","Suburban","Transit_Upgrade",5,5.82,62.7,88.6,82,1
"C0029","Suburban","EV_Charging",1,2.97,67.3,57,71.1,1
"C0030","Rural","Building_Retrofit",9,3.88,69.3,63.8,81.2,1
"C0031","Urban","EV_Charging",2,3.94,37.7,81,75,0
"C0032","Urban","Transit_Upgrade",3,3.87,61.5,60.7,74.3,1
"C0033","Urban","EV_Charging",3,7.84,71,57,86,1
"C0034","Suburban","Building_Retrofit",6,3.93,57.8,42.1,79.1,1
"C0035","Rural","Transit_Upgrade",4,4.08,63.6,49.6,61.2,1
"C0036","Rural","Transit_Upgrade",4,0.34,81,74,67.6,1
"C0037","Urban","EV_Charging",8,2.1,60,15.5,54.6,1
"C0038","Rural","Transit_Upgrade",4,5.32,39,10.8,47.1,0
"C0039","Suburban","Transit_Upgrade",6,2.42,72.5,44.3,56.2,1
"C0040","Suburban","Building_Retrofit",2,0.6,38.1,48.9,40.4,0
"C0041","Rural","Transit_Upgrade",2,2.04,73.7,72.6,28.6,1
"C0042","Urban","Building_Retrofit",4,6.85,87.7,41.5,58.7,1
"C0043","Urban","Building_Retrofit",10,4.79,71,61.7,20,1
"C0044","Suburban","EV_Charging",5,7.69,74.2,31.4,56.9,1
"C0045","Urban","Building_Retrofit",4,2.81,90,35.2,51.6,1
"C0046","Rural","Transit_Upgrade",2,5.77,64.8,48.7,53.9,1
"C0047","Suburban","EV_Charging",4,2.71,61.8,47.3,62.3,1
"C0048","Suburban","Transit_Upgrade",5,5.28,69.4,64.8,40.7,1
"C0049","Suburban","Building_Retrofit",5,3.01,62.2,79.8,64.1,1
"C0050","Urban","EV_Charging",4,4.27,100,62.7,69.2,1
"C0051","Urban","Transit_Upgrade",9,6.25,58.7,66.7,57.6,1
"C0052","Urban","EV_Charging",7,7.94,50.2,47.7,55.6,1
"C0053","Urban","Transit_Upgrade",4,3.1,62.6,41.6,63.2,0
"C0054","Suburban","Building_Retrofit",1,5.19,85.8,61.7,59.1,1
"C0055","Rural","Building_Retrofit",2,2.96,34.7,65.7,61.1,0
"C0056","Rural","Building_Retrofit",5,5.92,88.6,94.6,53.1,1
"C0057","Urban","Building_Retrofit",2,5.97,43.9,11.1,74.8,0
"C0058","Rural","EV_Charging",4,2.48,40.7,62.5,51.7,0
"C0059","Suburban","EV_Charging",5,3.18,94.5,75.2,62.1,1
"C0060","Suburban","Building_Retrofit",8,4.67,86.3,60,24.6,1
"C0061","Suburban","Building_Retrofit",2,0.89,76.5,54.7,28.3,0
"C0062","Suburban","Building_Retrofit",7,0.26,48.7,66,56.6,1
"C0063","Urban","EV_Charging",2,3.06,58.4,74.2,66.5,1
"C0064","Urban","EV_Charging",6,4.55,75.2,17.8,53.1,1
"C0065","Rural","Transit_Upgrade",4,1.27,56.9,47.8,61.5,0
"C0066","Rural","EV_Charging",2,4.69,74.6,98,60.7,1
"C0067","Rural","Transit_Upgrade",8,7.76,64.7,42,44.9,1
"C0068","Urban","Transit_Upgrade",3,6.86,28.5,49.6,61.8,1
"C0069","Suburban","Building_Retrofit",7,0.3,66.1,22.7,87.8,0
"C0070","Urban","Building_Retrofit",6,4.34,68.1,62.4,65.9,1
"C0071","Urban","EV_Charging",2,2.89,56.8,70.2,38.6,1
"C0072","Suburban","Building_Retrofit",4,6.33,57.3,66.7,87.2,0
"C0073","Rural","Transit_Upgrade",1,5.63,90.5,72.1,55.6,1
"C0074","Suburban","Building_Retrofit",6,2.29,72.1,45.5,59.3,1
"C0075","Rural","Building_Retrofit",1,7.84,89.7,90.5,48.4,1
"C0076","Suburban","Transit_Upgrade",4,2.8,49,60.5,66.8,0
"C0077","Urban","EV_Charging",4,0.45,68.6,71.6,70.8,1
"C0078","Suburban","Transit_Upgrade",3,6.89,58.8,51.3,39.3,1
"C0079","Suburban","Building_Retrofit",6,3.33,72.7,64,84.1,1
"C0080","Suburban","Transit_Upgrade",5,1.34,76.3,5,80.3,0
"C0081","Rural","Building_Retrofit",6,7.15,60.6,21.3,55.8,0
"C0082","Urban","Transit_Upgrade",4,0.4,59.6,75.3,77.2,0
"C0083","Suburban","Building_Retrofit",3,4.52,94.1,61.9,45.6,1
"C0084","Urban","Transit_Upgrade",5,4.23,60.1,69.3,36.2,1
"C0085","Suburban","EV_Charging",3,2.22,75.8,64.4,37.9,1
"C0086","Suburban","EV_Charging",2,3.29,80.2,84.3,65.5,1
"C0087","Rural","EV_Charging",8,6.71,85.5,48.2,58.3,1
"C0088","Urban","Transit_Upgrade",3,3.63,74,44.5,67.8,1
"C0089","Urban","Building_Retrofit",5,0.63,70.3,39,65.3,1
"C0090","Urban","Building_Retrofit",0,6.36,67,48,91.2,1
"C0091","Suburban","EV_Charging",6,6.38,93.8,44.7,60.9,1
"C0092","Rural","Transit_Upgrade",6,4.58,76.6,34.8,47.8,1
"C0093","Urban","EV_Charging",3,2.87,50.1,72,34.6,1
"C0094","Rural","Transit_Upgrade",3,5.98,55.2,85,81.4,1
"C0095","Suburban","EV_Charging",6,2.58,79.8,51.8,69.5,1
"C0096","Suburban","EV_Charging",5,2.59,83.2,54.5,51.6,1
"C0097","Suburban","Building_Retrofit",4,3.14,82.4,52.9,78.1,1
"C0098","Suburban","EV_Charging",1,2.73,87.2,81,67,1
"C0099","Urban","Building_Retrofit",5,4.62,73.9,73,76.3,1
"C0100","Rural","Building_Retrofit",2,4.93,68,58.9,70.5,1
"C0101","Urban","EV_Charging",3,4.56,85.5,76.8,76.9,1
"C0102","Suburban","Building_Retrofit",2,0.73,65.7,62.1,65.5,0
"C0103","Urban","EV_Charging",3,5.35,62.9,53.2,41.9,1
"C0104","Suburban","Transit_Upgrade",3,4.82,61.8,41.9,63.5,1
"C0105","Urban","EV_Charging",8,7.17,43.5,38.1,86.1,0
"C0106","Suburban","EV_Charging",8,3.59,62.6,48.5,86.4,1
"C0107","Suburban","EV_Charging",6,5.11,63,47.9,65.7,1
"C0108","Suburban","EV_Charging",10,6.77,100,28,48.8,1
"C0109","Rural","Building_Retrofit",4,5.3,43.3,65.3,39.1,1
"C0110","Urban","EV_Charging",4,2.82,49.1,59,76,1
"C0111","Urban","EV_Charging",4,0.71,67.7,49.6,39,1
"C0112","Suburban","EV_Charging",5,1.61,63.6,42.9,88.4,0
"C0113","Urban","Transit_Upgrade",5,4.94,51.9,39.6,75.7,1
"C0114","Suburban","Transit_Upgrade",6,0.51,71.3,45.8,72.9,1
"C0115","Rural","EV_Charging",4,6.29,67.2,27.2,58.2,1
"C0116","Suburban","EV_Charging",6,3,55.5,90.1,31.3,1
"C0117","Rural","EV_Charging",6,5.22,74.9,70.1,76.8,1
"C0118","Suburban","Building_Retrofit",3,2.72,70.7,56.1,61.1,1
"C0119","Urban","Transit_Upgrade",2,3.64,53.4,32.3,74,0
"C0120","Suburban","EV_Charging",2,7.2,67.2,52.3,99.6,1
"C0121","Suburban","EV_Charging",4,4.45,73.8,60.8,72,1
"C0122","Suburban","EV_Charging",7,4.94,74.1,93.8,64.4,1
"C0123","Suburban","EV_Charging",5,3.92,87.8,37.5,82.8,0
"C0124","Urban","Building_Retrofit",6,3.1,45.2,39.3,72,1
"C0125","Suburban","EV_Charging",2,7.86,79.4,33.4,82.7,0
"C0126","Urban","Building_Retrofit",1,2.15,81.2,58.1,90.3,1
"C0127","Urban","EV_Charging",5,1.23,62.6,88.7,58.4,1
"C0128","Rural","EV_Charging",3,6.27,73.1,50.8,72.4,1
"C0129","Urban","Transit_Upgrade",1,7.73,54.9,36,27.3,1
"C0130","Rural","EV_Charging",7,1.03,43.2,45.2,69.1,1
"C0131","Urban","Transit_Upgrade",8,6.19,90,31,62.3,1
"C0132","Suburban","EV_Charging",2,7.52,56.6,48.9,74,1
"C0133","Urban","Building_Retrofit",4,5.67,53.3,52.4,75.3,1
"C0134","Urban","EV_Charging",1,1.86,60.7,37.6,42.9,0
"C0135","Suburban","EV_Charging",6,6.12,56.9,61,57.1,1
"C0136","Urban","Transit_Upgrade",4,5.31,88,70.8,50.8,1
"C0137","Urban","EV_Charging",4,2.16,67.2,44.3,57.1,1
"C0138","Urban","Building_Retrofit",6,7.7,72,27.9,44.8,1
"C0139","Urban","Building_Retrofit",4,0.91,56.4,65.9,59.6,1
"C0140","Suburban","EV_Charging",7,1.56,59.8,91.7,43.1,1
"C0141","Suburban","EV_Charging",2,3.13,84.8,45.6,57.7,1
"C0142","Suburban","Building_Retrofit",4,1.93,56,26.8,57.5,0
"C0143","Suburban","EV_Charging",4,1.61,83.6,64.7,54.5,1
"C0144","Urban","EV_Charging",1,7.49,45.1,42.2,97.6,0
"C0145","Rural","EV_Charging",7,2.51,80.5,8.7,44.4,1
"C0146","Suburban","Building_Retrofit",5,3.56,34.9,22.9,51.8,0
"C0147","Rural","Transit_Upgrade",4,6.51,56.4,30.4,51.1,1
"C0148","Suburban","Transit_Upgrade",2,6.7,87.1,54,64.7,1
"C0149","Suburban","Transit_Upgrade",3,2.43,69.7,49.2,88.3,1
"C0150","Urban","EV_Charging",5,6.33,81.9,51.5,54.4,1
"C0151","Suburban","EV_Charging",5,1.18,66,47.1,68.2,1
"C0152","Suburban","Building_Retrofit",2,2.01,58.5,51.5,40.3,1
"C0153","Urban","EV_Charging",2,3.99,57.5,58.4,55.6,1
"C0154","Suburban","Building_Retrofit",3,5.15,67.7,83,78.8,1
"C0155","Suburban","Building_Retrofit",4,0.5,78.2,33.4,51.1,1
"C0156","Suburban","Building_Retrofit",3,4.61,66.2,52.5,67.1,1
"C0157","Urban","Building_Retrofit",0,7.99,100,54.7,59.7,1
"C0158","Rural","EV_Charging",5,2.21,46.1,71.2,80.9,0
"C0159","Urban","Transit_Upgrade",3,5.57,55.5,44,66.9,1
"C0160","Suburban","EV_Charging",3,4.81,65.9,46.3,77.1,1
"C0161","Urban","Transit_Upgrade",3,2.23,55.3,33.9,74.7,0
"C0162","Rural","Transit_Upgrade",4,4.23,67.9,58.6,76.2,1
"C0163","Rural","Building_Retrofit",4,7.53,57.9,84.7,68,1
"C0164","Urban","Building_Retrofit",4,7.35,73.5,55.5,59.3,1
"C0165","Suburban","Transit_Upgrade",4,0.33,66.7,49.7,86.6,1
"C0166","Suburban","Transit_Upgrade",1,7.11,68.9,40.3,82.2,1
"C0167","Urban","EV_Charging",7,7.76,82,78,55,1
"C0168","Urban","Transit_Upgrade",2,6.45,69.7,57.3,54.3,1
"C0169","Rural","Building_Retrofit",4,0.86,40.2,35,57.9,1
"C0170","Suburban","Transit_Upgrade",5,7.77,65,61.1,62,1
"C0171","Suburban","Transit_Upgrade",5,7.14,60.9,54.3,62.1,1
"C0172","Rural","Building_Retrofit",4,5.06,65.6,35.6,75.2,1
"C0173","Urban","Building_Retrofit",3,7.73,73.1,89.4,80.4,1
"C0174","Rural","EV_Charging",5,2.29,48.1,66.8,93.3,0
"C0175","Suburban","EV_Charging",2,0.38,86.3,66.9,55.1,1
"C0176","Rural","Transit_Upgrade",1,1.91,81.4,61.7,29.9,1
"C0177","Suburban","Transit_Upgrade",0,6.67,42.3,60.7,53.5,1
"C0178","Rural","Transit_Upgrade",2,3.79,72.3,18.6,64.2,0
"C0179","Suburban","EV_Charging",4,1.96,74.9,65,67.9,0
"C0180","Urban","Transit_Upgrade",5,3.68,61.3,67.8,64.7,1
"C0181","Rural","Building_Retrofit",4,3.66,56.1,66.5,70,1
"C0182","Suburban","EV_Charging",4,6.16,92.7,47.6,93.2,1
"C0183","Urban","EV_Charging",2,0.41,44,85.6,51.8,1
"C0184","Rural","EV_Charging",1,2.05,70.2,34.7,71.2,1
"C0185","Rural","Building_Retrofit",1,1.35,70.2,84.8,84.3,1
"C0186","Suburban","EV_Charging",7,2.45,60.9,48.3,31.8,1
"C0187","Suburban","EV_Charging",4,6.57,83.3,31.2,50.6,1
"C0188","Urban","Building_Retrofit",3,4.81,49.7,54.2,42.1,1
"C0189","Urban","EV_Charging",3,1.25,78.8,78.6,78.4,1
"C0190","Urban","EV_Charging",4,1.13,96.1,55.3,61.2,0
"C0191","Suburban","Building_Retrofit",5,0.23,65.4,63.3,44.8,0
"C0192","Suburban","EV_Charging",3,7,76.2,88,63.7,1
"C0193","Rural","Building_Retrofit",3,1.07,67.5,32.5,47.2,0
"C0194","Rural","Building_Retrofit",5,3.71,82.6,69.2,70.3,1
"C0195","Suburban","Transit_Upgrade",1,7.17,79.5,58.7,81.2,1
"C0196","Suburban","Building_Retrofit",3,4.56,25.5,44.9,66.3,0
"C0197","Rural","Building_Retrofit",2,0.86,73.3,59.7,46.6,1
"C0198","Urban","Transit_Upgrade",4,3.35,78,45.3,60.7,1
"C0199","Urban","Building_Retrofit",2,1.81,78.2,42,94.9,1
"C0200","Rural","Transit_Upgrade",0,2.97,50.7,42.5,72.1,0
"C0201","Rural","EV_Charging",4,5.6,98.6,52.6,43.5,1
"C0202","Rural","EV_Charging",2,0.83,76.7,80.2,73.5,1
"C0203","Rural","Transit_Upgrade",2,1.33,61.4,43.9,67.1,0
"C0204","Suburban","EV_Charging",8,7.36,65.7,65.6,86.4,1
"C0205","Urban","Transit_Upgrade",1,7.89,66.9,22,96.9,1
"C0206","Suburban","EV_Charging",2,3.8,100,41.4,81.1,1
"C0207","Suburban","Building_Retrofit",3,6.41,43.1,59.1,57.9,1
"C0208","Urban","EV_Charging",1,4.03,88.8,78.7,55.6,1
"C0209","Urban","EV_Charging",1,0.32,68.9,60.3,57.9,1
"C0210","Suburban","Building_Retrofit",4,7.91,53.1,70.1,57.2,1
"C0211","Urban","Building_Retrofit",3,1.9,82.7,37.8,58.8,0
"C0212","Rural","Building_Retrofit",7,6.61,90.3,42.6,63.4,1
"C0213","Urban","Transit_Upgrade",1,7.67,42.9,52.1,68,0
"C0214","Rural","Building_Retrofit",2,0.76,60.5,31.7,58.2,1
"C0215","Rural","Transit_Upgrade",6,3.69,76.1,57.7,61.9,1
"C0216","Suburban","Building_Retrofit",5,6.14,51.6,71.7,63.7,0
"C0217","Urban","EV_Charging",4,3.15,72.4,63.6,62.5,1
"C0218","Suburban","EV_Charging",5,4.77,88.5,63.3,57.2,1
"C0219","Rural","Transit_Upgrade",2,1.14,48.7,88.3,73.7,0
"C0220","Suburban","Transit_Upgrade",5,3.27,63.8,71.1,59.1,1
"C0221","Suburban","EV_Charging",1,1.65,83,51.6,56.1,1
"C0222","Suburban","Building_Retrofit",3,3.01,92.6,74.5,35.3,1
"C0223","Suburban","EV_Charging",2,1.42,81.1,51.3,76.1,0
"C0224","Suburban","Transit_Upgrade",4,7.12,72.2,54.4,51.3,0
"C0225","Suburban","Building_Retrofit",6,3.55,82.3,65.9,60.2,1
"C0226","Rural","Building_Retrofit",5,5.75,67.4,54.6,50,0
"C0227","Urban","Building_Retrofit",4,5.09,34.1,27.6,80.2,0
"C0228","Urban","EV_Charging",6,7.15,70.5,98,78.8,1
"C0229","Rural","EV_Charging",4,7.63,68.4,70.9,39.8,1
"C0230","Rural","Transit_Upgrade",2,2.56,55.6,26.4,76.2,0
"C0231","Suburban","EV_Charging",6,5.77,51.8,93.8,74.5,1
"C0232","Urban","Building_Retrofit",3,6.07,87.9,66.2,46.5,1
"C0233","Rural","EV_Charging",4,7.43,71.9,24,33.7,1
"C0234","Urban","EV_Charging",5,5.59,65.1,62.6,70.1,1
"C0235","Rural","Transit_Upgrade",3,3.91,80.8,36.2,67.3,1
"C0236","Urban","Building_Retrofit",5,5.29,79.5,42.3,45.4,1
"C0237","Suburban","Building_Retrofit",5,1.33,52.1,61.2,48.9,1
"C0238","Suburban","Transit_Upgrade",3,6.02,82.5,75.8,58,1
"C0239","Urban","Transit_Upgrade",3,6.93,57.7,46.7,27.6,1
"C0240","Rural","Transit_Upgrade",5,6.15,57.2,55.7,25.6,0
"C0241","Rural","EV_Charging",6,2.36,50.4,57.4,44.1,1
"C0242","Suburban","EV_Charging",10,6.44,50,29.8,66.9,1
"C0243","Urban","Transit_Upgrade",6,5.15,83.8,56.5,68,1
"C0244","Suburban","Building_Retrofit",5,7.28,79.9,73.3,61.5,1
"C0245","Suburban","EV_Charging",8,4.93,61.1,63.6,62.1,1
"C0246","Suburban","Building_Retrofit",5,6.7,78.7,39,57.4,1
"C0247","Urban","Building_Retrofit",1,1.5,59.3,35.3,62.7,0
"C0248","Urban","EV_Charging",6,0.27,55.6,42.5,73,0
"C0249","Urban","Transit_Upgrade",3,7.57,55.8,57.1,57.5,1
"C0250","Suburban","EV_Charging",2,7.55,52.6,55.6,77,1
"C0251","Urban","EV_Charging",5,1.89,53.8,66.9,55.5,1
"C0252","Suburban","Transit_Upgrade",5,5.86,77.8,51.8,41.2,1
"C0253","Suburban","EV_Charging",6,7.07,54.3,66.8,69.2,1
"C0254","Suburban","Building_Retrofit",6,7.6,40.6,32.8,64.6,1
"C0255","Urban","Transit_Upgrade",3,3.24,80.8,41.3,59.1,1
"C0256","Suburban","Transit_Upgrade",5,5.82,71.3,36,52.6,1
"C0257","Suburban","Transit_Upgrade",4,1.89,74.4,75.8,98.8,0
"C0258","Suburban","Transit_Upgrade",6,1.73,56.2,57.4,88.9,0
"C0259","Rural","Transit_Upgrade",6,6.8,82.2,42.3,59.1,1
"C0260","Rural","Building_Retrofit",3,2.13,60.7,45.4,82.7,0
"C0261","Suburban","Transit_Upgrade",3,7.11,61.8,53.8,53.8,1
"C0262","Rural","Building_Retrofit",4,6.67,58.8,68.1,69.1,1
"C0263","Suburban","EV_Charging",4,4.68,58,39.5,42.8,0
"C0264","Urban","Transit_Upgrade",4,7.96,100,65,77.2,1
"C0265","Rural","Building_Retrofit",5,4.37,43.2,31.6,42.7,0
"C0266","Rural","EV_Charging",5,3.88,72.6,39.9,55.6,1
"C0267","Suburban","Transit_Upgrade",5,7.84,77.4,82.9,63.2,1
"C0268","Urban","Building_Retrofit",4,2.41,58.1,73.9,56.4,1
"C0269","Urban","EV_Charging",5,7.63,96,56,55.2,1
"C0270","Urban","EV_Charging",2,5.3,53.3,54.8,39.8,1
"C0271","Suburban","EV_Charging",4,3.83,58,45.1,91.8,0
"C0272","Rural","Building_Retrofit",3,1.34,65.8,55.3,62.6,0
"C0273","Suburban","EV_Charging",2,3.73,78,48.9,71.4,1
"C0274","Urban","EV_Charging",5,6.68,56.6,73.2,80.4,1
"C0275","Rural","Transit_Upgrade",6,4.76,57.3,15.9,73.7,1
"C0276","Suburban","Building_Retrofit",3,0.31,49.4,64.9,57.3,1
"C0277","Rural","Building_Retrofit",2,2.26,59.6,79.4,38.9,1
"C0278","Suburban","EV_Charging",3,4.7,69.9,61.8,74.7,1
"C0279","Urban","EV_Charging",4,7.36,82.6,52.5,46.2,1
"C0280","Urban","EV_Charging",5,7.7,79.4,83.7,46.3,1
"C0281","Urban","EV_Charging",2,1.67,71.5,48.8,59.4,1
"C0282","Urban","EV_Charging",6,5.62,67.6,36.4,76.4,1
"C0283","Rural","EV_Charging",1,0.64,79.1,22.2,62.5,0
"C0284","Urban","Transit_Upgrade",5,0.81,63.2,53.6,36.4,1
"C0285","Suburban","EV_Charging",4,5.18,74.3,67.7,54.3,1
"C0286","Suburban","Transit_Upgrade",1,2.8,66.2,62.8,58.8,1
"C0287","Urban","Transit_Upgrade",2,5.64,68.6,53.2,74.8,1
"C0288","Urban","EV_Charging",3,7.43,44.5,35.1,59.4,1
"C0289","Suburban","EV_Charging",5,5.76,69,52.3,70.1,1
"C0290","Urban","EV_Charging",3,2.33,59.2,54.2,75.4,0
"C0291","Suburban","Transit_Upgrade",2,3.4,70.3,91.2,60,1
"C0292","Urban","Transit_Upgrade",2,4.29,53.2,23.7,79.9,0
"C0293","Suburban","Transit_Upgrade",10,5.63,69.4,61.3,38.8,1
"C0294","Suburban","EV_Charging",1,0.38,68.5,45.7,94.7,0
"C0295","Suburban","Building_Retrofit",3,1.65,43.3,67.3,83.5,0
"C0296","Rural","EV_Charging",7,7.35,57.6,48.2,52.4,1
"C0297","Suburban","Transit_Upgrade",2,5.93,63.2,45.1,60.5,0
"C0298","Suburban","EV_Charging",3,1.42,76.5,38.5,45.1,1
"C0299","Urban","Building_Retrofit",5,1.59,83.1,85.5,50.4,1
"C0300","Urban","Transit_Upgrade",5,5.63,52.6,56.7,79.5,1
"C0301","Urban","Building_Retrofit",3,1.77,55.7,38.4,80.3,0
"C0302","Rural","Building_Retrofit",5,0.83,48.2,77.3,66,0
"C0303","Urban","Building_Retrofit",7,6.83,58.5,75.9,55,1
"C0304","Rural","EV_Charging",2,2.24,63.1,30.2,60.3,0
"C0305","Suburban","Transit_Upgrade",1,3.28,72.7,55.8,66.3,0
"C0306","Suburban","EV_Charging",3,4.55,82.6,78.7,72.6,1
"C0307","Urban","Transit_Upgrade",2,7.73,58,73.9,78.4,1
"C0308","Urban","Building_Retrofit",4,7.7,55.2,57.5,51.6,1
"C0309","Suburban","EV_Charging",1,0.29,55.8,58.3,29.2,1
"C0310","Urban","Building_Retrofit",2,1.37,33.6,65.2,53.5,0
"C0311","Suburban","Transit_Upgrade",3,2.8,94,85.2,63.8,1
"C0312","Suburban","Building_Retrofit",3,3.23,73.3,82.3,70.7,1
"C0313","Rural","Building_Retrofit",3,2.78,45.9,77.8,74.5,1
"C0314","Urban","EV_Charging",4,6.15,37.9,26,67.2,1
"C0315","Urban","Transit_Upgrade",3,4.49,48.5,98,54.3,1
"C0316","Rural","Transit_Upgrade",3,6.2,55,80.2,34.8,1
"C0317","Suburban","Building_Retrofit",8,3.28,75.2,34.4,33.7,1
"C0318","Suburban","Transit_Upgrade",5,1.06,62.7,80.8,46.6,1
"C0319","Rural","Transit_Upgrade",3,0.67,50.7,37.6,61.5,0
"C0320","Urban","Transit_Upgrade",4,7.52,63.6,53.8,73.9,1
"C0321","Suburban","Transit_Upgrade",3,1.06,65,96.3,44.8,1
"C0322","Suburban","Building_Retrofit",5,1.12,60.8,59.5,31.4,1
"C0323","Urban","EV_Charging",7,4.7,65.6,68.5,60.4,1
"C0324","Urban","Building_Retrofit",4,4.96,48.2,58.5,65.9,1
"C0325","Urban","Building_Retrofit",1,3.97,55.2,28.3,56.1,1
"C0326","Suburban","EV_Charging",1,5.05,55.4,98,63.6,1
"C0327","Suburban","Transit_Upgrade",3,7.31,56.8,28.2,43.3,0
"C0328","Suburban","EV_Charging",0,3.14,63,45.7,97.8,0
"C0329","Rural","EV_Charging",4,3.09,63.1,50.8,53.7,0
"C0330","Urban","EV_Charging",3,2.73,63.4,67.4,67,1
"C0331","Urban","Transit_Upgrade",3,0.97,72.8,43.7,64.9,1
"C0332","Suburban","Building_Retrofit",1,1.62,63.9,46,50.1,1
"C0333","Urban","EV_Charging",4,6.88,48.1,62.1,46,1
"C0334","Urban","Transit_Upgrade",7,4.89,59.6,72.9,59.6,1
"C0335","Urban","EV_Charging",5,5.23,79,38.8,91.8,1
"C0336","Rural","Transit_Upgrade",2,1.51,63.4,43.7,62.2,1
"C0337","Urban","Transit_Upgrade",6,6.98,54.1,25.7,46,0
"C0338","Suburban","EV_Charging",6,1.03,68.5,51.1,69.5,1
"C0339","Suburban","Transit_Upgrade",8,6.59,85.9,51.1,67.3,1
"C0340","Suburban","EV_Charging",7,2.9,78.3,48.2,53.8,1
"C0341","Urban","Building_Retrofit",8,0.24,58.4,51,59.4,1
"C0342","Urban","Transit_Upgrade",4,5.85,83.9,62.5,76.8,1
"C0343","Suburban","Transit_Upgrade",3,5.8,76.3,85.9,78.5,1
"C0344","Suburban","Building_Retrofit",7,3.88,60.4,35.2,36.2,1
"C0345","Urban","EV_Charging",2,2.28,47,83,51.8,1
"C0346","Rural","EV_Charging",4,0.74,63.5,70.8,77.9,1
"C0347","Suburban","Building_Retrofit",9,0.54,69.5,56.3,58.3,1
"C0348","Suburban","Transit_Upgrade",6,2.28,83.8,50.1,48.8,1
"C0349","Suburban","EV_Charging",5,7.18,41,57.8,55.9,1
"C0350","Suburban","Building_Retrofit",9,7.57,66.4,15.5,51.1,1
"C0351","Suburban","Transit_Upgrade",4,6.8,69,34.8,48.7,1
"C0352","Urban","EV_Charging",3,4.37,55.3,5,56,0
"C0353","Urban","Transit_Upgrade",5,7.07,87.5,38.6,79.6,1
"C0354","Urban","Building_Retrofit",4,7.48,57.5,45.5,27.7,1
"C0355","Suburban","Building_Retrofit",2,7.97,63,7.1,48.2,1
"C0356","Suburban","Transit_Upgrade",3,4.78,81.4,67.3,78,1
"C0357","Suburban","Building_Retrofit",3,1.88,78.8,61.9,80.3,1
"C0358","Suburban","EV_Charging",2,3.31,65,52.2,36.2,1
"C0359","Rural","EV_Charging",7,6.39,77.4,74.2,71.5,1
"C0360","Urban","EV_Charging",4,1.39,63.7,43.1,61.5,1
"C0361","Suburban","EV_Charging",2,6.76,65.6,55.5,65.5,1
"C0362","Suburban","EV_Charging",4,7.51,72.8,79.8,50.9,1
"C0363","Suburban","Building_Retrofit",3,2.32,47.2,69,64.7,1
"C0364","Urban","EV_Charging",5,0.63,63.2,59.1,49.7,1
"C0365","Suburban","Transit_Upgrade",5,7.83,72.6,51.5,63.3,1
"C0366","Rural","Building_Retrofit",3,7.31,77.6,41.3,92.9,1
"C0367","Suburban","Building_Retrofit",3,2.07,88.6,59.4,57.6,1
"C0368","Rural","Transit_Upgrade",4,1.4,65.3,55.9,56.6,1
"C0369","Suburban","Building_Retrofit",3,4.55,57.1,43.9,61.4,0
"C0370","Suburban","EV_Charging",1,5.03,77.4,63.7,71.8,1
"C0371","Suburban","Building_Retrofit",7,1.21,73.1,47.7,52.4,1
"C0372","Rural","EV_Charging",4,6.36,63.8,79.1,50.6,1
"C0373","Urban","EV_Charging",2,5.14,86.5,58.8,79.2,1
"C0374","Urban","Building_Retrofit",6,6.85,75.7,32.8,53.7,1
"C0375","Suburban","Transit_Upgrade",6,2.67,87.8,56.8,32.9,1
"C0376","Urban","Building_Retrofit",5,1.17,58.7,34.3,63,0
"C0377","Suburban","EV_Charging",2,0.72,73,65.2,53.5,1
"C0378","Suburban","EV_Charging",2,1.81,59.8,35.7,68.4,0
"C0379","Rural","EV_Charging",4,5.86,41.9,28.6,44.1,1
"C0380","Rural","EV_Charging",6,7.75,71.3,16.9,38.2,1
"C0381","Urban","EV_Charging",10,6.3,93.6,47,63.2,1
"C0382","Suburban","EV_Charging",6,0.92,69,67.8,89.7,0
"C0383","Urban","Transit_Upgrade",6,3.55,74.9,57.1,96.1,1
"C0384","Rural","EV_Charging",0,0.87,64.3,35.2,21.8,1
"C0385","Urban","Transit_Upgrade",2,0.32,89.2,57.8,47,1
"C0386","Suburban","Transit_Upgrade",4,3.27,72.9,57.4,64.2,1
"C0387","Rural","EV_Charging",3,2.51,76.8,34.3,80.4,1
"C0388","Urban","EV_Charging",5,1.8,88.3,29.2,54,1
"C0389","Suburban","EV_Charging",6,2.64,70.3,40.5,66.8,1
"C0390","Rural","Transit_Upgrade",4,7.95,56.7,48.5,67.9,1
"C0391","Suburban","Building_Retrofit",3,4.14,78.1,59.9,58.3,1
"C0392","Suburban","Transit_Upgrade",2,5.87,50.9,87.8,69.6,1
"C0393","Suburban","EV_Charging",4,7.99,64.5,57,22.2,1
"C0394","Rural","Transit_Upgrade",4,0.46,78.7,56.3,23.3,1
"C0395","Rural","EV_Charging",4,1.31,93.1,53.5,69,1
"C0396","Urban","Transit_Upgrade",4,7.95,67.9,16.6,63.1,1
"C0397","Suburban","EV_Charging",2,1.71,60.6,48.9,51.2,1
"C0398","Suburban","EV_Charging",2,1.12,59.8,83.8,62.2,1
"C0399","Suburban","EV_Charging",3,4.51,84.5,64.2,51.3,1
"C0400","Urban","Building_Retrofit",3,3.51,85.5,49.1,56.7,1
"C0401","Suburban","EV_Charging",1,3.9,78.4,85,63.7,1
"C0402","Suburban","Building_Retrofit",2,4.12,69.9,52.9,79.9,1
"C0403","Rural","Building_Retrofit",4,0.62,75.3,90.9,30.4,1
"C0404","Urban","EV_Charging",3,5.98,49.6,56.7,65.4,1
"C0405","Urban","Building_Retrofit",1,6.29,63.6,52.1,55.2,1
"C0406","Suburban","Building_Retrofit",4,6.43,69,55,33.9,1
"C0407","Suburban","Building_Retrofit",5,4.64,97.4,65.7,38.4,1
"C0408","Urban","Transit_Upgrade",3,7.12,72.6,98,54.1,1
"C0409","Suburban","Building_Retrofit",4,7.51,96.7,74.4,35.7,1
"C0410","Rural","Transit_Upgrade",2,4.27,54.9,49.6,53.5,1
"C0411","Urban","Building_Retrofit",3,5.65,68.8,81.7,40.9,1
"C0412","Suburban","EV_Charging",4,1.48,100,34.5,79.3,1
"C0413","Urban","Building_Retrofit",3,4.94,80.6,54.8,75.2,1
"C0414","Urban","Building_Retrofit",2,0.78,67.8,84.5,91,1
"C0415","Suburban","EV_Charging",3,5.79,63.2,62.5,65.7,0
"C0416","Suburban","Building_Retrofit",5,7.79,58.4,60.3,58.8,1
"C0417","Suburban","Building_Retrofit",6,5.39,51.3,61.8,59,1
"C0418","Suburban","Building_Retrofit",2,2.61,41.9,63.6,99.2,0
"C0419","Urban","EV_Charging",4,4.55,52,32.2,88.2,1
"C0420","Urban","Building_Retrofit",7,1.18,66.7,47.6,69.3,1
"C0421","Urban","Building_Retrofit",2,4.42,84.5,68.1,49.7,1
"C0422","Suburban","Transit_Upgrade",2,2.43,46.9,30.8,47.5,0
"C0423","Suburban","Transit_Upgrade",4,5.65,79.7,80.3,76.8,1
"C0424","Suburban","EV_Charging",2,2.44,70.8,69.6,92.3,1
"C0425","Urban","EV_Charging",4,3.78,58.5,68.1,67.5,1
"C0426","Suburban","EV_Charging",4,3.27,53.2,96.5,66.3,1
"C0427","Urban","Building_Retrofit",3,1.04,75.1,53.7,55.2,1
"C0428","Rural","Transit_Upgrade",3,3.68,69,83.6,43.4,1
"C0429","Urban","EV_Charging",4,0.27,45.6,36.2,66.7,0
"C0430","Rural","EV_Charging",2,2.96,69.8,48.7,50.2,1
"C0431","Rural","Building_Retrofit",4,7.69,60.8,38.8,42.6,1
"C0432","Rural","Building_Retrofit",6,6.48,76.9,31.9,94,0
"C0433","Rural","EV_Charging",2,1.19,97,45.8,24.4,1
"C0434","Suburban","Building_Retrofit",3,2.74,48.9,51.1,66.4,1
"C0435","Suburban","Transit_Upgrade",4,7.81,55.9,41.4,54.6,1
"C0436","Suburban","Transit_Upgrade",4,3.73,42.9,44.7,73.8,0
"C0437","Urban","Transit_Upgrade",3,1.73,72.7,61.4,66.9,1
"C0438","Urban","EV_Charging",2,2.43,67,74.7,69.1,1
"C0439","Suburban","Building_Retrofit",3,6.92,74.7,46.6,78.9,1
"C0440","Suburban","Transit_Upgrade",7,5.99,46.6,64.9,92.5,1
"C0441","Rural","Transit_Upgrade",4,2.88,90.9,65.4,59.8,1
"C0442","Suburban","EV_Charging",8,6.19,67.8,66,84.9,1
"C0443","Suburban","Transit_Upgrade",3,2.12,62.7,72.3,64.2,1
"C0444","Suburban","Building_Retrofit",4,1.22,68.3,72.4,43.2,1
"C0445","Suburban","Building_Retrofit",7,6.12,83.2,59.3,63.9,1
"C0446","Rural","Transit_Upgrade",3,2.08,52.9,55.9,82.7,0
"C0447","Urban","EV_Charging",4,0.32,63.6,49.2,66.6,0
"C0448","Urban","EV_Charging",5,0.24,83.7,50.8,59.3,1
"C0449","Rural","Building_Retrofit",4,3.47,83.1,72.8,58.8,1
"C0450","Rural","Building_Retrofit",2,5.99,51.3,49.7,59.6,0
"C0451","Rural","EV_Charging",3,0.78,59.4,42,84.6,0
"C0452","Suburban","Building_Retrofit",7,4.92,67.1,44.6,71.8,1
"C0453","Urban","EV_Charging",2,1.13,83.8,57.9,55.8,1
"C0454","Suburban","Building_Retrofit",4,5.84,54.9,42.2,52.5,1
"C0455","Suburban","Transit_Upgrade",7,5.36,56.5,45,63.3,1
"C0456","Urban","Building_Retrofit",4,4.03,43,34.5,51.7,0
"C0457","Rural","EV_Charging",4,0.31,62.1,52.2,64.4,0
"C0458","Suburban","Building_Retrofit",4,5.89,86.7,55.8,36.8,1
"C0459","Urban","EV_Charging",5,7.28,55,54.8,54.4,1
"C0460","Rural","Building_Retrofit",4,1.46,71.6,75.9,70.9,1
"C0461","Rural","Building_Retrofit",4,3.69,34.7,65.3,41.2,0
"C0462","Urban","Building_Retrofit",2,7.89,56.7,61,55.2,1
"C0463","Suburban","EV_Charging",3,0.52,64.7,36.4,70.5,0
"C0464","Suburban","Transit_Upgrade",2,2.5,53.9,44.9,37.9,1
"C0465","Suburban","Building_Retrofit",4,6.01,78.4,46.5,61.8,1
"C0466","Rural","EV_Charging",5,5.32,77.2,53.1,87.5,1
"C0467","Suburban","Building_Retrofit",6,5.99,60.7,75.5,59.2,1
"C0468","Rural","EV_Charging",3,1.21,80.1,93.9,65.5,1
"C0469","Suburban","EV_Charging",4,2.17,61.1,44.9,91.5,1
"C0470","Rural","EV_Charging",4,5.93,100,47.2,49.9,1
"C0471","Urban","Transit_Upgrade",2,3.85,52.3,29.6,56.4,0
"C0472","Urban","Building_Retrofit",3,2.35,54.3,77.2,77.7,1
"C0473","Suburban","Building_Retrofit",7,2.15,100,59.4,78.8,1
"C0474","Suburban","EV_Charging",6,6.61,56.2,43.8,77,0
"C0475","Suburban","Building_Retrofit",10,5.71,74.2,58.3,60,1
"C0476","Urban","Building_Retrofit",3,1.63,62.5,23.9,56.6,1
"C0477","Suburban","Transit_Upgrade",3,2.07,78.2,27.4,59.7,0
"C0478","Suburban","EV_Charging",2,7.62,72.6,66.6,70.1,1
"C0479","Urban","EV_Charging",3,5.2,64.6,63.4,28.5,1
"C0480","Urban","Transit_Upgrade",6,7.56,47.2,63.6,70.8,1
"C0481","Suburban","EV_Charging",5,0.51,54.4,33.9,68.8,0
"C0482","Rural","Building_Retrofit",6,6.75,100,51.2,56.5,1
"C0483","Urban","EV_Charging",4,0.51,68.8,70.3,80,1
"C0484","Suburban","Transit_Upgrade",5,1.01,70.1,70.5,72.9,1
"C0485","Suburban","Building_Retrofit",7,1.69,75.7,62.2,82.3,1
"C0486","Urban","EV_Charging",3,4.14,71.5,69,53.1,1
"C0487","Urban","Building_Retrofit",4,2.27,73,49.7,94.1,1
"C0488","Rural","EV_Charging",5,7.87,59.7,19.4,64.5,1
"C0489","Urban","EV_Charging",3,1.92,59.6,38.4,71.6,1
"C0490","Urban","Building_Retrofit",5,7.12,77.8,55,68.9,1
"C0491","Rural","Transit_Upgrade",3,1.17,50.9,76.8,100,0
"C0492","Rural","Transit_Upgrade",4,5.84,77.3,38.2,63.7,0
"C0493","Urban","EV_Charging",6,7.67,55.1,59,36.6,1
"C0494","Urban","Transit_Upgrade",6,6.92,61.6,51.6,47.1,1
"C0495","Urban","EV_Charging",4,3.24,66.8,25.5,36.4,1
"C0496","Urban","Transit_Upgrade",10,1.89,78.1,31.1,53,1
"C0497","Suburban","EV_Charging",3,0.55,100,55.6,71.7,1
"C0498","Suburban","Transit_Upgrade",2,7.69,54.6,55.3,67.5,1
"C0499","Rural","EV_Charging",7,7.2,66.6,70.3,64.8,1
"C0500","Urban","Transit_Upgrade",3,3.07,58.8,52.3,54.5,1
"C0501","Urban","EV_Charging",5,1.19,58.7,71.3,69.4,1
"C0502","Suburban","EV_Charging",5,5.19,77.1,72.2,74.2,0
"C0503","Suburban","Building_Retrofit",2,1.5,45.5,89.4,45.4,1
"C0504","Suburban","Transit_Upgrade",5,6.44,89.8,63.7,75,1
"C0505","Suburban","Building_Retrofit",4,4.31,50,68.4,33,1
"C0506","Urban","EV_Charging",8,5.96,46.8,80.5,68.9,1
"C0507","Rural","Building_Retrofit",7,7.63,100,81.7,20.1,1
"C0508","Rural","EV_Charging",2,2.49,69.3,46.8,50.8,1
"C0509","Urban","EV_Charging",3,4.09,99.6,98,49.3,1
"C0510","Suburban","EV_Charging",5,5.07,79.8,45.6,56.5,1
"C0511","Suburban","Building_Retrofit",10,0.9,73.3,84.1,56.1,1
"C0512","Rural","Building_Retrofit",3,2.12,65.1,43.3,57,1
"C0513","Urban","Building_Retrofit",3,0.77,84.1,29.7,83.1,1
"C0514","Suburban","EV_Charging",8,3.79,80.5,65.6,77,1
"C0515","Suburban","Building_Retrofit",2,7.61,79.2,62.7,67,1
"C0516","Suburban","Building_Retrofit",2,2.93,78.2,89.8,55.9,1
"C0517","Urban","Transit_Upgrade",1,2.79,60.4,46.6,58.3,0
"C0518","Urban","EV_Charging",6,5.14,85.6,54.6,68.8,1
"C0519","Urban","Transit_Upgrade",3,5.77,62.3,24.6,49.8,1
"C0520","Suburban","Building_Retrofit",2,2.5,55.2,72.5,69.9,1
"C0521","Suburban","Building_Retrofit",4,3.23,58.2,42.7,85.6,1
"C0522","Urban","Building_Retrofit",6,0.45,84.2,53.8,43,1
"C0523","Suburban","Transit_Upgrade",3,4.62,67.1,47,86,0
"C0524","Rural","Building_Retrofit",8,7.6,80.5,98,92.7,1
"C0525","Suburban","Building_Retrofit",4,5.98,78.6,66,79.5,1
"C0526","Urban","Building_Retrofit",2,7.23,49.9,70,50.6,1
"C0527","Suburban","Building_Retrofit",1,1.25,83.7,70.8,54,1
"C0528","Urban","Transit_Upgrade",3,5.98,46.4,40.5,90.4,0
"C0529","Urban","EV_Charging",4,1.59,57.1,48.2,58.5,1
"C0530","Rural","Transit_Upgrade",6,3.87,82.2,30.9,87.8,1
"C0531","Urban","Building_Retrofit",3,5.52,64.1,44.6,40.7,1
"C0532","Urban","Transit_Upgrade",1,5.08,82.2,36,86,1
"C0533","Suburban","EV_Charging",1,5.87,100,54.5,46.9,1
"C0534","Suburban","Building_Retrofit",8,2.76,79.8,42.6,38.7,1
"C0535","Suburban","EV_Charging",4,0.91,71.8,28.7,67.9,0
"C0536","Suburban","Building_Retrofit",7,1.65,84,53.4,78.2,1
"C0537","Rural","Building_Retrofit",3,2.53,69.4,46.1,50.7,1
"C0538","Rural","Transit_Upgrade",3,5.82,56.6,56.9,40.7,1
"C0539","Suburban","Building_Retrofit",1,7.72,62.1,36.5,61.2,1
"C0540","Suburban","Building_Retrofit",4,6.78,61.9,73.3,43.9,1
"C0541","Suburban","Transit_Upgrade",3,0.8,77.9,26.2,71.9,1
"C0542","Suburban","Transit_Upgrade",2,1.34,60.2,69.5,39.4,1
"C0543","Urban","EV_Charging",4,4.83,73.7,47.9,55.8,1
"C0544","Rural","Transit_Upgrade",1,1.24,41.9,57.4,60.8,0
"C0545","Suburban","EV_Charging",5,7.8,74.2,98,79,1
"C0546","Rural","Building_Retrofit",7,5.04,62.7,48.3,60.2,1
"C0547","Rural","Building_Retrofit",5,2.5,89,67.7,50.9,1
"C0548","Urban","Transit_Upgrade",3,0.69,52.4,64.3,32.4,0
"C0549","Suburban","Building_Retrofit",4,6.28,78.3,38.1,27.3,1
"C0550","Urban","Building_Retrofit",6,4.84,55,58.8,38.2,1
"C0551","Urban","Building_Retrofit",5,7.99,60.7,59.5,58.6,1
"C0552","Suburban","Building_Retrofit",5,5.91,57,46.6,58.1,1
"C0553","Urban","Building_Retrofit",9,3.33,93.1,30.3,70.2,1
"C0554","Urban","Building_Retrofit",5,4.72,66,64.8,65.2,1
"C0555","Rural","EV_Charging",1,1.41,58.5,53.7,54.1,0
"C0556","Rural","Building_Retrofit",3,7.31,49.2,40.7,36.3,1
"C0557","Urban","Building_Retrofit",5,6.61,84.3,53,72.6,1
"C0558","Urban","EV_Charging",2,2.86,79.4,84.6,72.5,1
"C0559","Suburban","Building_Retrofit",9,1.55,82.8,48.9,43,1
"C0560","Suburban","Building_Retrofit",4,7.7,47.5,82,64.1,1
"C0561","Urban","EV_Charging",0,6.25,65.3,60.2,60.4,1
"C0562","Suburban","EV_Charging",3,2.07,89.1,34.8,70,1
"C0563","Urban","EV_Charging",4,7.02,60.4,94.4,44.1,1
"C0564","Rural","Transit_Upgrade",4,7.74,55.4,22.5,53.4,0
"C0565","Rural","EV_Charging",4,5.88,48.5,25.3,69.8,0
"C0566","Urban","Building_Retrofit",5,5.26,69.1,51.2,71.4,1
"C0567","Urban","Transit_Upgrade",2,5.4,88.6,37.7,62.1,1
"C0568","Urban","Transit_Upgrade",3,3.26,73.9,57.8,69,0
"C0569","Urban","Building_Retrofit",4,0.46,77.7,55.3,43.1,1
"C0570","Rural","Building_Retrofit",0,5.11,100,32.4,64.2,1
"C0571","Suburban","Transit_Upgrade",3,1.73,74.4,59.3,87,1
"C0572","Rural","Transit_Upgrade",5,6.73,86.8,77.6,95.9,1
"C0573","Urban","EV_Charging",2,7.25,65.1,59.9,60.2,1
"C0574","Suburban","EV_Charging",3,1.91,68.6,43.1,48.8,1
"C0575","Urban","Transit_Upgrade",2,4.39,65.2,68.6,89.5,0
"C0576","Rural","EV_Charging",4,5.96,87.2,71.1,66.1,1
"C0577","Suburban","Building_Retrofit",2,1.42,78.4,98,65.2,1
"C0578","Urban","EV_Charging",8,7.03,71.7,32.3,60.3,1
"C0579","Rural","EV_Charging",2,4.33,100,56.9,58.1,1
"C0580","Suburban","EV_Charging",2,0.86,41,75.1,86.6,0
"C0581","Urban","EV_Charging",6,0.22,52.9,56.5,71.8,0
"C0582","Suburban","EV_Charging",5,2.38,45.4,51.5,43.4,0
"C0583","Urban","Building_Retrofit",5,4.01,60.1,83.8,27.4,1
"C0584","Urban","Transit_Upgrade",5,0.5,66.8,52,65.2,1
"C0585","Rural","Transit_Upgrade",3,2.55,81.3,37.2,81.1,1
"C0586","Urban","EV_Charging",2,6.58,78,30.7,58.7,1
"C0587","Rural","EV_Charging",5,3.92,42.6,53,64.2,1
"C0588","Urban","EV_Charging",3,2.59,60.5,75.7,64.3,1
"C0589","Suburban","Transit_Upgrade",6,7.95,66.8,85.6,65.2,1
"C0590","Suburban","Transit_Upgrade",3,5.92,77.7,46.3,65.2,0
"C0591","Rural","Transit_Upgrade",3,4.7,75.7,54.8,51.4,1
"C0592","Rural","Building_Retrofit",6,2.31,45.1,61.7,67.1,0
"C0593","Rural","Building_Retrofit",5,7.7,76.3,43.9,81.9,0
"C0594","Urban","Transit_Upgrade",1,1.35,54.4,38.3,67.8,0
"C0595","Rural","EV_Charging",5,0.8,50.9,74.5,52.8,1
"C0596","Urban","Transit_Upgrade",2,0.76,61.3,84.7,69.7,1
"C0597","Urban","EV_Charging",3,2.48,77.5,27.6,86,0
"C0598","Rural","Transit_Upgrade",9,4.57,55.3,51.9,77.5,1
"C0599","Suburban","Building_Retrofit",6,3.39,59.8,82.4,58.9,1
"C0600","Suburban","EV_Charging",2,6.17,46.3,56.2,71.4,1
"C0601","Urban","EV_Charging",3,2.54,71,52.2,83.2,0
"C0602","Suburban","Building_Retrofit",4,5.99,81.5,14.1,79.5,1
"C0603","Urban","EV_Charging",3,6.43,100,52.5,39.8,1
"C0604","Urban","Building_Retrofit",3,5.92,95.4,35.1,100,1
"C0605","Suburban","Building_Retrofit",4,7.36,47.7,43.9,57,0
"C0606","Urban","EV_Charging",2,7.88,62.7,19.7,79.5,1
"C0607","Suburban","EV_Charging",6,4.13,40,54.6,69.7,1
"C0608","Rural","EV_Charging",6,3.67,67.7,56.4,56.2,1
"C0609","Rural","EV_Charging",1,6.24,44,63.4,71.7,1
"C0610","Urban","Transit_Upgrade",4,4.91,45,50,53.6,0
"C0611","Rural","Transit_Upgrade",4,2.31,60.5,64.1,36.6,1
"C0612","Rural","EV_Charging",3,6.28,65.9,36.8,44.2,1
"C0613","Suburban","Transit_Upgrade",5,7.07,63.6,49.9,63.5,1
"C0614","Suburban","EV_Charging",3,5.96,83.9,53.7,59.8,1
"C0615","Urban","EV_Charging",5,5.16,59.7,56.8,24.8,1
"C0616","Rural","Transit_Upgrade",3,4.74,72.9,54.8,55.2,1
"C0617","Suburban","Building_Retrofit",9,0.93,48.8,29.1,38.3,0
"C0618","Rural","EV_Charging",3,4.55,70.5,51.3,70,1
"C0619","Rural","Building_Retrofit",4,4.37,53.4,98,59.1,1
"C0620","Suburban","Transit_Upgrade",5,0.21,54,62,63,0
"C0621","Urban","Building_Retrofit",1,3.89,53.6,98,51.1,1
"C0622","Rural","Building_Retrofit",3,6.17,85.3,32.9,28.6,1
"C0623","Suburban","EV_Charging",2,2.91,90.5,59.4,29.7,0
"C0624","Rural","Transit_Upgrade",2,1.75,68.8,32.4,46.2,0
"C0625","Suburban","Transit_Upgrade",6,5.43,62.3,41.5,72.7,1
"C0626","Rural","Building_Retrofit",5,0.87,55.8,50,77,0
"C0627","Rural","Building_Retrofit",2,4.17,62.8,67.6,64.6,1
"C0628","Suburban","EV_Charging",5,7.55,63,30.9,45.5,1
"C0629","Urban","EV_Charging",10,0.4,64.4,60.7,68.1,1
"C0630","Urban","Transit_Upgrade",3,7.57,80.6,62.3,50.5,1
"C0631","Urban","EV_Charging",1,2.07,42.7,73.2,65.4,1
"C0632","Rural","Transit_Upgrade",2,7.53,64.2,89.5,62.8,1
"C0633","Urban","Building_Retrofit",4,6.68,66.1,17.3,74,1
"C0634","Suburban","Building_Retrofit",7,2.52,89.2,29.8,88.9,1
"C0635","Rural","Transit_Upgrade",6,5.25,56.8,39.3,76.4,1
"C0636","Suburban","Transit_Upgrade",5,6.58,56.4,53.9,40,1
"C0637","Suburban","Building_Retrofit",2,2.03,90.5,11.1,47.1,1
"C0638","Suburban","EV_Charging",5,3.55,54.3,53.9,78.4,1
"C0639","Rural","Transit_Upgrade",5,2.73,44.9,53.1,69.8,0
"C0640","Rural","EV_Charging",6,3.84,79,52.2,77.1,1
"C0641","Urban","Building_Retrofit",5,2.78,67.2,38.3,76.2,0
"C0642","Rural","EV_Charging",4,4.04,71,62.3,53.7,1
"C0643","Rural","Building_Retrofit",5,2.63,68.8,40,59.8,0
"C0644","Urban","EV_Charging",4,4.19,59.7,57.1,73.7,1
"C0645","Urban","Building_Retrofit",7,0.91,53.2,68.8,56.2,1
"C0646","Suburban","Building_Retrofit",3,1.55,79.7,36.6,57.6,1
"C0647","Rural","EV_Charging",4,4.81,68.4,79.8,71.6,1
"C0648","Suburban","EV_Charging",3,7.32,76.7,42.5,55,1
"C0649","Suburban","Building_Retrofit",4,7.28,93.3,17.3,55.3,1
"C0650","Suburban","Building_Retrofit",4,5.84,93.6,31.9,27.6,1
"C0651","Suburban","Transit_Upgrade",4,1.93,57.8,82.2,63.7,1
"C0652","Urban","Transit_Upgrade",7,6.82,86.4,80.5,65.8,1
"C0653","Urban","Transit_Upgrade",4,6.98,71.2,60.2,98.2,1
"C0654","Suburban","EV_Charging",2,1.8,47.5,52,41.9,0
"C0655","Urban","Building_Retrofit",6,6.66,71.4,50.9,81.3,1
"C0656","Urban","Building_Retrofit",1,6.29,60.4,82.6,58.5,1
"C0657","Urban","Transit_Upgrade",3,1.25,66,56.1,61.3,1
"C0658","Urban","EV_Charging",3,2.95,53.3,71.4,78,1
"C0659","Suburban","EV_Charging",3,4.82,39.3,41,75.7,0
"C0660","Suburban","EV_Charging",9,0.7,59.7,47.2,62.7,0
"C0661","Suburban","Building_Retrofit",10,7.64,71.9,59.1,58.6,1
"C0662","Suburban","Building_Retrofit",5,0.72,55.5,67.2,75.1,0
"C0663","Urban","EV_Charging",6,5.74,70.1,50.2,56,1
"C0664","Suburban","Transit_Upgrade",5,6.01,72.5,56.2,67.3,1
"C0665","Suburban","EV_Charging",6,0.54,85.1,75.9,49.5,1
"C0666","Rural","EV_Charging",4,0.61,77.1,37.8,67.9,1
"C0667","Suburban","Building_Retrofit",4,2.67,65.4,69,65.6,1
"C0668","Urban","Transit_Upgrade",5,5.5,100,31,76.1,1
"C0669","Urban","Building_Retrofit",4,6.26,53.9,72.8,56.5,1
"C0670","Rural","EV_Charging",10,3.42,55,71.1,77.5,1
"C0671","Rural","Building_Retrofit",3,4.1,47.3,80.1,49.6,1
"C0672","Urban","Transit_Upgrade",2,5.95,73.6,60.7,65.9,1
"C0673","Urban","Building_Retrofit",3,3.25,80.4,82.7,73.3,1
"C0674","Suburban","Transit_Upgrade",1,6.46,66.8,55.5,87.9,1
"C0675","Urban","Building_Retrofit",4,2.71,41.3,48.5,45.7,0
"C0676","Urban","Building_Retrofit",3,6.84,59.6,37.9,64.8,1
"C0677","Urban","Building_Retrofit",3,3.01,65.5,48.6,87.5,0
"C0678","Suburban","EV_Charging",2,3.29,75.1,45.5,56.1,0
"C0679","Urban","Transit_Upgrade",2,2.87,71.5,57.1,68.5,1
"C0680","Urban","EV_Charging",3,5.4,58.8,28.7,93.1,1
"C0681","Suburban","Transit_Upgrade",5,0.65,56,40.7,41.6,0
"C0682","Suburban","EV_Charging",4,1.23,78.3,32.5,63.2,1
"C0683","Suburban","Building_Retrofit",8,1.32,63.4,57.1,33.8,0
"C0684","Rural","EV_Charging",4,7.62,44.9,28.7,73.6,1
"C0685","Rural","EV_Charging",3,3.28,80.8,44.3,69.3,1
"C0686","Urban","EV_Charging",5,7.89,65.4,61.5,73.1,1
"C0687","Urban","EV_Charging",5,5.71,85,49.1,81.9,1
"C0688","Suburban","Building_Retrofit",5,0.86,57.7,77.2,75.6,1
"C0689","Urban","Building_Retrofit",4,4.25,46.5,62.2,63.2,1
"C0690","Suburban","Building_Retrofit",8,2.89,88.4,60.7,49.8,1
"C0691","Rural","EV_Charging",4,6.71,82.9,31.6,65.1,1
"C0692","Suburban","Transit_Upgrade",6,7.09,65.1,61.3,36.3,1
"C0693","Suburban","Building_Retrofit",3,6.87,86.6,60.3,88.9,1
"C0694","Urban","Building_Retrofit",4,4.74,71.9,26.6,65.9,1
"C0695","Urban","Building_Retrofit",6,5.82,65,40.5,67.5,1
"C0696","Urban","EV_Charging",6,2.39,50.9,46.2,76.9,1
"C0697","Suburban","Building_Retrofit",2,6.49,42.5,44.1,58.8,0
"C0698","Suburban","Transit_Upgrade",1,2.84,74.4,52.3,86.2,1
"C0699","Rural","Transit_Upgrade",6,0.43,65.8,60.5,57.8,1
"C0700","Urban","EV_Charging",7,3.62,89.2,58.2,58.8,1
"C0701","Rural","Building_Retrofit",4,0.33,72.4,31.8,72.6,0
"C0702","Urban","Building_Retrofit",2,1.86,88.5,44.7,80.8,1
"C0703","Urban","Transit_Upgrade",4,1.29,59.5,76.9,97.5,1
"C0704","Urban","Transit_Upgrade",3,4.29,81.1,59.6,52.4,1
"C0705","Urban","EV_Charging",3,1.71,56.5,58.3,71.2,1
"C0706","Rural","Building_Retrofit",1,0.3,65.1,5,53.3,0
"C0707","Rural","EV_Charging",0,6.45,74,58.3,34.4,1
"C0708","Rural","Building_Retrofit",4,7.04,59.2,31.6,55.2,1
"C0709","Suburban","EV_Charging",4,5.55,64.6,19.2,91.3,0
"C0710","Suburban","EV_Charging",6,2.47,74.5,68,52.6,1
"C0711","Urban","EV_Charging",4,3.68,45.3,34.1,66.9,0
"C0712","Suburban","EV_Charging",4,3.28,39.2,31.7,58.5,0
"C0713","Suburban","Transit_Upgrade",5,1.65,85.3,47.4,70,1
"C0714","Urban","EV_Charging",5,7.52,86.6,76.9,70,1
"C0715","Rural","Building_Retrofit",0,2.1,51.4,61.5,47.5,0
"C0716","Rural","EV_Charging",1,2.69,73.1,65.6,84.8,1
"C0717","Rural","Building_Retrofit",2,6.94,55,61.9,72.5,1
"C0718","Suburban","EV_Charging",8,3.3,57.8,39.4,89.9,0
"C0719","Urban","EV_Charging",1,1.2,59,32.8,62.6,0
"C0720","Suburban","EV_Charging",1,7.96,58.1,46,77.3,1
"C0721","Urban","Transit_Upgrade",2,7.57,49,84.3,56.8,1
"C0722","Urban","Building_Retrofit",8,5.1,71.2,35.7,59.6,1
"C0723","Suburban","Transit_Upgrade",1,1.97,65.2,58.6,66.6,0
"C0724","Suburban","Building_Retrofit",5,6.15,69.2,74,39.7,1
"C0725","Suburban","EV_Charging",3,6.72,49.6,33.6,57.7,0
"C0726","Suburban","Building_Retrofit",1,1.63,62.6,43.8,67.8,1
"C0727","Suburban","Building_Retrofit",7,2.09,71.2,35.6,61.7,1
"C0728","Urban","Building_Retrofit",2,1.8,46,52.2,57.6,0
"C0729","Urban","Building_Retrofit",4,4.99,55.7,19.3,39.3,0
"C0730","Suburban","Building_Retrofit",2,1.05,62.1,31.5,44.3,0
"C0731","Suburban","Building_Retrofit",4,1.14,53.5,63.5,94.1,1
"C0732","Suburban","Building_Retrofit",3,3.76,53.6,56.4,88.9,0
"C0733","Suburban","Building_Retrofit",4,4.01,56,64,70.8,1
"C0734","Suburban","Building_Retrofit",5,2,85.9,46.5,77,1
"C0735","Rural","EV_Charging",7,3.92,67.5,52.8,72.4,1
"C0736","Urban","EV_Charging",2,7.57,68.3,32.7,61.3,1
"C0737","Suburban","EV_Charging",4,7.34,83.5,47.9,86.5,1
"C0738","Suburban","Transit_Upgrade",2,2.64,100,61.5,54,1
"C0739","Suburban","Transit_Upgrade",6,7.23,94.4,27.7,36.2,1
"C0740","Suburban","Transit_Upgrade",5,0.66,70.6,51.2,56.8,1
"C0741","Urban","Building_Retrofit",5,1.69,70.1,49.6,57.2,1
"C0742","Suburban","Building_Retrofit",4,6.35,57.4,35.8,61.6,1
"C0743","Suburban","Transit_Upgrade",4,8,76.7,69,58.8,1
"C0744","Suburban","Building_Retrofit",5,7.44,72,54.5,47.2,1
"C0745","Rural","Transit_Upgrade",3,1.33,51.3,35,71.2,0
"C0746","Rural","Building_Retrofit",4,2.78,70.5,70.5,78.5,1
"C0747","Suburban","EV_Charging",3,7.59,81.6,73,81.7,1
"C0748","Urban","Building_Retrofit",2,4.91,62.5,89.4,81.7,1
"C0749","Urban","Building_Retrofit",4,6.9,59.8,45.6,32.1,1
"C0750","Suburban","EV_Charging",2,7.01,71.5,57.9,69.3,1
"C0751","Suburban","Building_Retrofit",6,7.44,74.6,49.2,50.3,1
"C0752","Urban","Building_Retrofit",3,0.88,93.5,49.9,64.2,1
"C0753","Suburban","Building_Retrofit",5,5.04,52.2,57,81,0
"C0754","Suburban","Building_Retrofit",6,3.33,44.9,17.8,46.2,0
"C0755","Suburban","EV_Charging",5,6,64.5,79.8,57.3,1
"C0756","Urban","Building_Retrofit",9,4.78,59.1,35.9,74.9,1
"C0757","Urban","EV_Charging",2,7.1,78.7,49,74.1,1
"C0758","Rural","EV_Charging",6,0.98,52.1,25.1,65.6,0
"C0759","Urban","EV_Charging",8,1.83,50.2,73.6,46.2,1
"C0760","Urban","EV_Charging",3,2.43,67.7,62.4,59.3,1
"C0761","Suburban","Transit_Upgrade",6,6.73,52,56.2,81,1
"C0762","Rural","Building_Retrofit",6,0.83,94.3,31.8,55.1,1
"C0763","Suburban","Building_Retrofit",1,7.3,79.6,66.5,35.4,1
"C0764","Rural","EV_Charging",7,7.33,85.1,35,51.4,1
"C0765","Urban","EV_Charging",8,6.81,73.9,98,64.6,1
"C0766","Rural","EV_Charging",5,3.32,77.8,49.3,59.8,1
"C0767","Urban","Building_Retrofit",2,1.7,77,67.4,85.7,1
"C0768","Urban","EV_Charging",3,3.32,48,69.4,64.9,1
"C0769","Rural","Transit_Upgrade",8,3.75,77,65.2,72,1
"C0770","Rural","EV_Charging",7,1.09,58.5,75.7,68.9,1
"C0771","Rural","EV_Charging",4,1.61,83.3,23.9,49.2,1
"C0772","Suburban","EV_Charging",3,0.47,85.9,64.9,100,1
"C0773","Suburban","Building_Retrofit",4,1.68,76.9,70.8,61.9,1
"C0774","Rural","EV_Charging",4,0.62,78.1,25.6,49.6,1
"C0775","Suburban","Building_Retrofit",3,1.35,81.1,61.7,55.8,1
"C0776","Rural","Transit_Upgrade",5,0.96,80.3,27,59.5,0
"C0777","Suburban","EV_Charging",4,4,100,64.6,74.7,1
"C0778","Rural","EV_Charging",2,2.27,63.5,88.7,55.3,1
"C0779","Suburban","Building_Retrofit",4,3.7,79.2,48.8,68,1
"C0780","Suburban","Transit_Upgrade",4,5.23,54.3,98,48.8,1
"C0781","Suburban","EV_Charging",4,4.9,61.8,40.5,89.1,0
"C0782","Urban","Transit_Upgrade",6,5.81,63,50.4,63.3,1
"C0783","Suburban","EV_Charging",3,5.42,61.8,69.4,47.3,1
"C0784","Suburban","EV_Charging",3,1.37,91.2,42.5,81.5,1
"C0785","Urban","Transit_Upgrade",4,0.7,80.6,59.5,88.9,1
"C0786","Suburban","Building_Retrofit",3,7.41,61.9,46.8,55.3,0
"C0787","Urban","Building_Retrofit",4,3.12,68.6,85.8,71.9,1
"C0788","Urban","EV_Charging",5,6.92,58.7,70.1,99.2,1
"C0789","Suburban","Transit_Upgrade",8,0.86,62.2,73.5,73.8,0
"C0790","Urban","Building_Retrofit",5,7.47,100,74.1,73.7,1
"C0791","Rural","Building_Retrofit",4,2.25,86,42.5,51.1,1
"C0792","Urban","EV_Charging",3,5.05,63.7,63.9,70.2,1
"C0793","Urban","Building_Retrofit",4,4.47,56.4,55.5,83.2,1
"C0794","Urban","Building_Retrofit",2,4.13,80.4,23.6,58,1
"C0795","Urban","Building_Retrofit",3,3.11,84.1,30.3,39.6,1
"C0796","Urban","Building_Retrofit",4,7.04,54.8,48.9,61.8,1
"C0797","Suburban","Transit_Upgrade",3,4.74,79.5,56.1,80.1,1
"C0798","Urban","Transit_Upgrade",8,7.86,86.1,64,63.3,1
"C0799","Rural","EV_Charging",5,1.22,53.8,33.5,71.5,0
"C0800","Urban","Transit_Upgrade",1,0.73,72.8,41.1,57.3,0
"C0801","Rural","EV_Charging",2,6.1,62.6,43.4,20.5,1
"C0802","Suburban","Transit_Upgrade",5,2.26,70.3,52.1,68.5,0
"C0803","Urban","Building_Retrofit",4,1.58,60.3,63.3,50.1,1
"C0804","Urban","Building_Retrofit",5,0.84,68.3,59.4,43.2,1
"C0805","Suburban","EV_Charging",2,4.46,67.1,41.3,58.8,0
"C0806","Suburban","Transit_Upgrade",6,3.95,55.8,65.9,70.3,1
"C0807","Suburban","Transit_Upgrade",4,2.1,71.9,40.6,68.8,0
"C0808","Suburban","Transit_Upgrade",5,5.07,58.9,64.3,89.6,1
"C0809","Rural","Transit_Upgrade",5,3.49,75.4,43.3,36.3,1
"C0810","Suburban","EV_Charging",2,2.6,85.5,18.6,54.3,1
"C0811","Urban","Transit_Upgrade",5,5.44,52.8,38.8,62,1
"C0812","Suburban","Building_Retrofit",4,4.01,66.1,74.5,67.2,1
"C0813","Suburban","Building_Retrofit",2,7.7,67.2,68.7,64,1
"C0814","Urban","Transit_Upgrade",5,7.66,47.2,33.7,35,1
"C0815","Urban","EV_Charging",0,1.43,74.3,55.9,58.6,1
"C0816","Rural","EV_Charging",4,7.84,74.5,80.3,54,1
"C0817","Suburban","Transit_Upgrade",3,0.24,61,68.3,83.8,0
"C0818","Urban","EV_Charging",3,4.62,54.9,37.5,68.8,0
"C0819","Urban","EV_Charging",3,6.09,72,63.6,81,1
"C0820","Suburban","Building_Retrofit",3,5.93,57.3,61.8,32,1
"C0821","Suburban","Building_Retrofit",7,3.52,59.1,64.3,75.8,1
"C0822","Urban","Transit_Upgrade",4,7.52,65,48.5,67.1,1
"C0823","Suburban","EV_Charging",7,0.49,68.1,81.9,60.4,1
"C0824","Urban","EV_Charging",4,4.39,25.8,72,31.2,0
"C0825","Suburban","Transit_Upgrade",4,5.67,55.9,75.1,77.2,1
"C0826","Suburban","Transit_Upgrade",3,7.22,62.5,75.9,64.6,1
"C0827","Suburban","Transit_Upgrade",3,4.81,77.3,43.7,56,1
"C0828","Rural","Building_Retrofit",2,5.34,95,41.1,74.2,1
"C0829","Suburban","EV_Charging",2,5.99,83.8,54.9,75.6,1
"C0830","Suburban","Building_Retrofit",2,6.08,79.2,41.9,57.9,1
"C0831","Rural","Building_Retrofit",7,6.51,71.7,39.1,96.4,1
"C0832","Suburban","EV_Charging",3,2.53,69.4,5,76.6,0
"C0833","Suburban","Transit_Upgrade",4,4.87,65.1,79.9,35.7,1
"C0834","Suburban","Transit_Upgrade",2,4.36,68.3,70.4,67.7,0
"C0835","Rural","Transit_Upgrade",5,6.07,59.7,38.3,70.3,0
"C0836","Urban","EV_Charging",3,6.64,92.9,53.6,63.7,1
"C0837","Rural","Building_Retrofit",7,1.93,71.2,9.7,47.1,0
"C0838","Urban","Building_Retrofit",2,1.95,88.9,69.8,27.3,1
"C0839","Suburban","Building_Retrofit",2,7.41,59.1,32.5,57.6,1
"C0840","Urban","Transit_Upgrade",6,2.66,72.1,42.9,50.3,1
"C0841","Rural","Building_Retrofit",4,3.55,86.7,42.4,59.9,1
"C0842","Urban","EV_Charging",6,2.52,67.2,52.1,26.9,1
"C0843","Suburban","Transit_Upgrade",2,6.51,67.3,23.6,60,1
"C0844","Rural","Transit_Upgrade",5,6.86,63.9,46.4,73.2,1
"C0845","Urban","EV_Charging",4,4.63,70.5,48.8,52,1
"C0846","Suburban","EV_Charging",4,0.47,55.2,41.5,53.6,0
"C0847","Suburban","Transit_Upgrade",1,5.6,72.4,61.3,79.3,1
"C0848","Suburban","Transit_Upgrade",0,4.46,53.7,84.7,78.3,1
"C0849","Urban","Transit_Upgrade",6,5.48,100,37.3,56.2,1
"C0850","Rural","EV_Charging",3,3.97,69,51.2,59.6,1
"C0851","Rural","EV_Charging",8,2.6,41.3,77.5,75.3,0
"C0852","Urban","Building_Retrofit",0,0.35,60.2,46.7,63.8,0
"C0853","Suburban","Building_Retrofit",2,3.97,89.6,94.1,65.7,1
"C0854","Suburban","Transit_Upgrade",4,4.47,54.1,29.7,43.7,0
"C0855","Suburban","EV_Charging",1,3.14,45.5,55.5,37.5,0
"C0856","Suburban","Building_Retrofit",6,1.64,61.2,73,74.5,1
"C0857","Urban","Transit_Upgrade",2,2.55,66,69,25.9,1
"C0858","Rural","EV_Charging",2,1.6,80.3,60.5,61.6,0
"C0859","Rural","EV_Charging",4,6.71,70.1,41.7,69.3,1
"C0860","Suburban","Transit_Upgrade",4,4.15,65.2,22.9,84.4,0
"C0861","Suburban","Building_Retrofit",6,7.86,82.1,32.4,61.7,1
"C0862","Urban","Building_Retrofit",2,2.49,82.3,51.1,59.7,1
"C0863","Urban","EV_Charging",8,5.71,55.4,53.7,65,0
"C0864","Suburban","EV_Charging",4,3.69,71.5,68.2,57.5,1
"C0865","Suburban","Transit_Upgrade",4,5.01,96.5,52.5,72.6,1
"C0866","Rural","Transit_Upgrade",5,7.23,69.7,42.2,67.2,1
"C0867","Urban","Transit_Upgrade",3,7.33,63.8,85.8,49.2,1
"C0868","Urban","EV_Charging",4,1.18,67.2,57.6,78.6,1
"C0869","Suburban","EV_Charging",4,7.49,75.8,51.8,63,1
"C0870","Rural","EV_Charging",3,7.74,61.3,50.9,71.8,1
"C0871","Urban","Building_Retrofit",2,3.79,56,26.1,76.9,0
"C0872","Urban","Building_Retrofit",7,4.18,96.7,57.1,64.6,1
"C0873","Urban","Transit_Upgrade",2,3,72.7,34,57.3,0
"C0874","Suburban","EV_Charging",3,3.2,86,82.2,54.8,1
"C0875","Suburban","Building_Retrofit",2,4.14,72.5,47.4,62,1
"C0876","Suburban","Building_Retrofit",2,2.53,64.7,93.2,75.2,0
"C0877","Suburban","Transit_Upgrade",11,2.66,73.7,69.5,73.6,1
"C0878","Suburban","EV_Charging",3,6.05,72.6,78.2,56,1
"C0879","Urban","Building_Retrofit",6,6.05,92.2,46.5,68.1,1
"C0880","Urban","EV_Charging",1,7.19,61.2,84.1,53.7,1
"C0881","Suburban","EV_Charging",3,2.44,50.8,59.1,45.6,1
"C0882","Rural","Building_Retrofit",3,0.78,68,22.3,87.7,0
"C0883","Urban","EV_Charging",2,1.29,48.6,59.6,98.9,0
"C0884","Suburban","Transit_Upgrade",7,1.21,85.4,41.3,57.7,1
"C0885","Suburban","Building_Retrofit",3,5.17,72.3,58.7,43.8,1
"C0886","Suburban","Building_Retrofit",5,1.23,49.6,37.9,76.4,0
"C0887","Suburban","EV_Charging",3,4.67,79.9,50.8,55.9,1
"C0888","Urban","EV_Charging",6,6.03,85,64.2,63.1,1
"C0889","Suburban","EV_Charging",4,6.02,69.6,56.8,49.7,1
"C0890","Suburban","EV_Charging",5,1.33,62.1,32.9,54.4,0
"C0891","Rural","EV_Charging",3,1.93,42,46,77.8,0
"C0892","Urban","EV_Charging",5,5.47,68.7,72.7,75.9,1
"C0893","Rural","EV_Charging",3,7.78,71.6,50.3,73.6,1
"C0894","Urban","Transit_Upgrade",3,4.93,61.7,63.6,59.7,1
"C0895","Suburban","EV_Charging",6,4.84,57.8,22.9,32.3,1
"C0896","Urban","Building_Retrofit",2,5.5,55.6,31,42.8,1
"C0897","Suburban","Transit_Upgrade",5,3.89,70.1,57.3,42.1,1
"C0898","Suburban","EV_Charging",2,3.58,38.2,79.7,47.4,1
"C0899","Urban","Transit_Upgrade",6,3.65,85.7,69.7,61,1
"C0900","Suburban","Building_Retrofit",4,4.29,77.8,36.2,31.6,1
"C0901","Urban","EV_Charging",6,7.71,50.7,74.9,85.8,1
"C0902","Urban","Transit_Upgrade",1,1.81,81,26,49.9,1
"C0903","Rural","EV_Charging",1,4.94,61.4,53.4,65.6,0
"C0904","Rural","Building_Retrofit",2,6.55,75.2,51.2,37.4,1
"C0905","Urban","EV_Charging",3,6.33,72.1,75.3,78.3,1
"C0906","Suburban","EV_Charging",6,6.79,68.9,55.6,31.8,1
"C0907","Rural","EV_Charging",2,5.47,87.8,29.4,50,1
"C0908","Suburban","Building_Retrofit",4,5.25,67.4,62.3,40.7,1
"C0909","Urban","Transit_Upgrade",3,4.44,70.7,73.6,89.7,1
"C0910","Suburban","Transit_Upgrade",2,7.32,92.9,55.8,42.5,1
"C0911","Suburban","Building_Retrofit",5,7.78,61.2,66.4,84.6,0
"C0912","Suburban","Building_Retrofit",1,2.06,71.6,73.2,91.6,0
"C0913","Suburban","Transit_Upgrade",5,3.17,55.7,87.6,47.2,1
"C0914","Rural","EV_Charging",6,1.88,45.3,70.1,100,0
"C0915","Urban","Building_Retrofit",4,1.08,69.6,63.6,55.3,1
"C0916","Suburban","Building_Retrofit",6,3.77,70.4,58.1,67.7,1
"C0917","Suburban","Building_Retrofit",5,2.17,56.9,72.3,54.1,1
"C0918","Rural","EV_Charging",8,5.86,71.3,69.9,25.4,1
"C0919","Urban","Transit_Upgrade",3,7.14,76.4,57.9,68.5,1
"C0920","Urban","EV_Charging",5,3.49,83,46.6,85.3,1
"C0921","Rural","EV_Charging",7,7.57,62.9,43.5,46.4,1
"C0922","Suburban","Building_Retrofit",7,7.7,68.1,30.5,65.1,1
"C0923","Urban","Building_Retrofit",4,4.9,68.3,45.7,76.1,1
"C0924","Urban","EV_Charging",5,5.47,43.1,69.9,65,1
"C0925","Suburban","EV_Charging",2,2.56,76.8,46.4,53.6,1
"C0926","Suburban","EV_Charging",1,5.71,73.4,58.7,60.3,1
"C0927","Suburban","Building_Retrofit",5,2.56,79.6,48.2,58.8,1
"C0928","Suburban","Transit_Upgrade",3,6.59,79.3,41.5,77.6,1
"C0929","Suburban","Transit_Upgrade",2,6.3,61.5,84.7,66.7,1
"C0930","Suburban","EV_Charging",4,1.72,77.3,53.7,52.1,1
"C0931","Suburban","Transit_Upgrade",5,4.03,55,79.3,90.6,1
"C0932","Urban","Transit_Upgrade",5,2.84,59.4,42.9,64.4,1
"C0933","Urban","Transit_Upgrade",3,0.32,74.5,59.6,81.7,1
"C0934","Suburban","EV_Charging",2,7.03,100,61.1,71.7,1
"C0935","Urban","Transit_Upgrade",4,2.85,83,5,47.5,0
"C0936","Suburban","Building_Retrofit",4,4.06,81,58.1,87.7,1
"C0937","Suburban","Building_Retrofit",9,5.63,50.3,33.3,76.9,1
"C0938","Rural","Transit_Upgrade",3,2.46,29.7,19.9,83.1,0
"C0939","Urban","Transit_Upgrade",1,3.51,68.7,46.4,86.2,0
"C0940","Rural","Transit_Upgrade",8,1.9,74.6,52.5,66.5,1
"C0941","Urban","Building_Retrofit",5,7.46,74.6,51.2,100,1
"C0942","Rural","Building_Retrofit",7,7.81,68.5,23.3,51.7,1
"C0943","Urban","Transit_Upgrade",4,4.08,100,67.1,83.5,1
"C0944","Suburban","EV_Charging",8,2.09,51.8,36.5,37.7,1
"C0945","Urban","Building_Retrofit",2,5.16,74.5,75.3,53.4,1
"C0946","Rural","Building_Retrofit",4,1.29,74.8,56.8,77.5,1
"C0947","Suburban","EV_Charging",2,6.22,68.9,59,73.4,1
"C0948","Suburban","Building_Retrofit",1,3.47,92.5,58.4,55.3,1
"C0949","Suburban","Building_Retrofit",7,6.34,76.5,71.3,34.3,1
"C0950","Rural","Building_Retrofit",3,6.28,66,64.5,68.9,1
"C0951","Suburban","EV_Charging",2,3.4,91.5,56.1,45.7,1
"C0952","Suburban","Building_Retrofit",2,1.56,54.7,68.3,54.4,0
"C0953","Urban","EV_Charging",3,0.9,62.5,55.3,84.1,1
"C0954","Suburban","Building_Retrofit",2,7.74,54.7,66,35.9,1
"C0955","Suburban","Building_Retrofit",5,2.96,77.3,66.5,73.7,1
"C0956","Rural","Building_Retrofit",2,0.98,42.1,25.5,80.6,0
"C0957","Suburban","Transit_Upgrade",4,6.53,55.1,52.7,75,1
"C0958","Urban","EV_Charging",5,5.2,59.8,51.9,37.9,1
"C0959","Suburban","EV_Charging",4,1.49,71,49,46.8,1
"C0960","Urban","Building_Retrofit",2,4.36,59.2,34.5,60.6,0
"C0961","Urban","Transit_Upgrade",4,3.5,75.2,39.8,72.3,1
"C0962","Suburban","Transit_Upgrade",5,0.57,78.5,52.6,69.8,1
"C0963","Urban","Building_Retrofit",3,0.81,62.8,41.4,49.4,0
"C0964","Suburban","Transit_Upgrade",3,5.44,71.6,56.8,55.5,1
"C0965","Urban","EV_Charging",3,5.26,79.9,67.1,76.3,1
"C0966","Suburban","Transit_Upgrade",3,1.81,76.1,42,57.7,0
"C0967","Rural","EV_Charging",4,7.02,63.3,46.8,79.8,1
"C0968","Rural","Transit_Upgrade",1,0.88,57,54.1,71.8,0
"C0969","Urban","EV_Charging",2,3.6,77.1,49.8,73.1,1
"C0970","Urban","Building_Retrofit",3,5.99,85.6,44.9,69.1,1
"C0971","Suburban","EV_Charging",4,2.15,60.2,50.1,70,0
"C0972","Urban","EV_Charging",1,5.04,49.8,40.9,82.3,0
"C0973","Rural","EV_Charging",4,5.01,62.8,75.6,57.9,1
"C0974","Suburban","EV_Charging",5,6.01,76.3,85.1,87.9,1
"C0975","Urban","Building_Retrofit",4,4.93,82.6,74.1,53,1
"C0976","Urban","EV_Charging",5,5.87,52.7,47.8,49.7,1
"C0977","Suburban","EV_Charging",0,6.69,87.3,56.2,75.6,1
"C0978","Suburban","Building_Retrofit",3,6.53,77.9,77.1,56.9,1
"C0979","Rural","EV_Charging",4,7.99,91.8,94.4,37.8,1
"C0980","Suburban","Building_Retrofit",3,5.46,53.4,56.7,20,1
"C0981","Urban","EV_Charging",8,2.65,54.4,58.9,47.2,1
"C0982","Suburban","EV_Charging",7,6.88,48.6,92.5,65.1,1
"C0983","Rural","Building_Retrofit",2,3.39,60.3,74,62.3,1
"C0984","Rural","Building_Retrofit",3,1.87,76.7,74.5,52.5,1
"C0985","Urban","Building_Retrofit",5,6.62,86.8,49.1,66.2,1
"C0986","Rural","Transit_Upgrade",5,4.56,62.6,63.5,84.6,0
"C0987","Urban","Building_Retrofit",6,5.9,79.1,48.7,36.1,1
"C0988","Urban","Building_Retrofit",5,3.37,70.9,10.9,63.3,1
"C0989","Rural","EV_Charging",6,6.67,78.3,59.5,100,1
"C0990","Urban","Building_Retrofit",3,3.13,78.8,68.8,67.1,1
"C0991","Rural","Building_Retrofit",6,1.92,79.1,60.5,44.8,1
"C0992","Urban","Building_Retrofit",3,2.81,56.3,36.4,69.5,0
"C0993","Suburban","Building_Retrofit",1,0.47,67.5,38.7,68,1
"C0994","Rural","Building_Retrofit",1,5.29,62.2,98,51.6,1
"C0995","Urban","EV_Charging",6,1.17,74.4,72.6,84.9,1
"C0996","Urban","Building_Retrofit",3,7.07,71.5,29.2,56.1,1
"C0997","Suburban","EV_Charging",3,7.54,82.2,45.3,52.4,1
"C0998","Suburban","EV_Charging",3,6.1,75.4,74.1,64.7,1
"C0999","Suburban","EV_Charging",3,6.64,74.8,80,100,1
"C1000","Suburban","EV_Charging",2,1.54,63.9,49.8,82.4,0
"C1001","Rural","Building_Retrofit",5,5.29,64.2,73,66.7,1
"C1002","Urban","Building_Retrofit",5,5.17,74.1,67.4,57.3,1
"C1003","Suburban","EV_Charging",0,3.66,50.1,74.3,76.7,0
"C1004","Urban","EV_Charging",1,4.91,65.4,51.2,88,0
"C1005","Urban","EV_Charging",3,5.48,55.6,61,57.8,1
"C1006","Suburban","Transit_Upgrade",1,7.12,46.5,72.1,47.1,1
"C1007","Urban","Transit_Upgrade",5,5.88,85,46.8,86.1,1
"C1008","Rural","Building_Retrofit",2,0.5,40.4,49.3,62.5,0
"C1009","Rural","Transit_Upgrade",5,4.86,78.7,36,80.7,1
"C1010","Suburban","Building_Retrofit",2,1.64,83.6,72.8,57.4,0
"C1011","Suburban","Building_Retrofit",7,7.09,52.3,58.9,57.7,1
"C1012","Urban","Building_Retrofit",3,5.96,55.7,33.6,44.7,1
"C1013","Rural","EV_Charging",2,2.88,82.7,28.8,58.1,0
"C1014","Urban","EV_Charging",3,0.59,64,47.5,52.9,1
"C1015","Urban","Transit_Upgrade",2,6.91,45.8,57.8,33.9,0
"C1016","Suburban","Building_Retrofit",3,6.92,80.4,14.4,31.5,1
"C1017","Suburban","EV_Charging",3,1.15,58.8,41.2,61.2,0
"C1018","Suburban","Transit_Upgrade",0,7.34,64.1,17.1,47.4,1
"C1019","Urban","EV_Charging",1,3.65,58.3,63.5,68.7,1
"C1020","Suburban","Transit_Upgrade",2,0.71,77.6,23.5,79.5,1
"C1021","Suburban","Transit_Upgrade",3,0.79,74.8,60.7,50.6,0
"C1022","Suburban","Building_Retrofit",5,7.41,70,70.3,37.6,1
"C1023","Suburban","Transit_Upgrade",1,7.9,59.6,48.9,56.5,1
"C1024","Rural","Transit_Upgrade",4,3.53,61.1,48.1,60.7,1
"C1025","Suburban","EV_Charging",4,2.88,57.8,44.9,41.7,1
"C1026","Suburban","EV_Charging",4,6.38,63.4,49.4,82.3,1
"C1027","Rural","EV_Charging",6,6.33,84.6,65.2,39.3,1
"C1028","Suburban","Transit_Upgrade",2,5.08,61.8,78.1,54.4,1
"C1029","Urban","Transit_Upgrade",6,2.33,99.5,22,67.4,1
"C1030","Urban","Transit_Upgrade",4,2.93,59.4,39.1,46,1
"C1031","Rural","Building_Retrofit",2,0.25,79,52.2,89.3,1
"C1032","Urban","Building_Retrofit",4,3.97,83.9,33.2,54.4,1
"C1033","Rural","EV_Charging",6,5.49,55.1,59.4,59.5,1
"C1034","Suburban","EV_Charging",4,4.56,71.9,57.9,93.5,0
"C1035","Suburban","EV_Charging",4,6.6,83,33.4,89.2,0
"C1036","Suburban","Transit_Upgrade",2,5.08,75.5,38.2,75.1,1
"C1037","Suburban","EV_Charging",1,3.09,68.2,61.2,82.3,1
"C1038","Urban","Transit_Upgrade",4,0.75,82.2,74.7,84.8,1
"C1039","Urban","EV_Charging",7,0.51,96.7,54.2,52.6,1
"C1040","Rural","Building_Retrofit",8,5.23,74.1,56.5,58.3,1
"C1041","Rural","EV_Charging",2,4.62,79.5,75.8,34.6,1
"C1042","Urban","Transit_Upgrade",2,7.44,45.6,48.9,70,0
"C1043","Rural","EV_Charging",2,0.74,74.5,29.4,20,1
"C1044","Urban","Transit_Upgrade",4,5.7,58.1,48,42.6,1
"C1045","Suburban","Building_Retrofit",6,3.93,55.1,49.5,69.7,1
"C1046","Urban","EV_Charging",1,6.29,69.6,32.2,44.1,1
"C1047","Suburban","EV_Charging",2,5.84,45.2,47.2,71,1
"C1048","Urban","EV_Charging",1,5.76,41.5,59,58.9,1
"C1049","Rural","EV_Charging",4,1.02,67.9,66.5,30.3,1
"C1050","Suburban","EV_Charging",2,7.68,71,57.1,58.9,1
"C1051","Suburban","Transit_Upgrade",5,4.64,65,66.4,55.8,1
"C1052","Rural","Building_Retrofit",0,0.61,77.1,42.5,61.7,0
"C1053","Suburban","Building_Retrofit",1,6.24,69.2,44.1,54.1,1
"C1054","Suburban","EV_Charging",1,5.43,55.3,55.4,69.4,0
"C1055","Urban","Building_Retrofit",4,4.39,64.7,62.2,44.7,1
"C1056","Suburban","EV_Charging",5,0.95,34.1,92.9,55.2,1
"C1057","Suburban","EV_Charging",3,1.35,55.8,65.2,66,1
"C1058","Urban","EV_Charging",6,0.97,57.2,86.6,42.8,1
"C1059","Rural","EV_Charging",5,1.61,61.8,64.1,59.4,1
"C1060","Rural","EV_Charging",5,3.62,86.4,80.2,87.5,1
"C1061","Suburban","EV_Charging",6,7.93,68.2,62.8,63.1,1
"C1062","Rural","Building_Retrofit",7,7.62,60.6,60.8,56,1
"C1063","Urban","EV_Charging",2,2.46,95.9,72.9,74.2,1
"C1064","Urban","Transit_Upgrade",5,4.18,56.9,75.5,72,1
"C1065","Urban","EV_Charging",3,3.79,85,32,59.2,1
"C1066","Urban","Building_Retrofit",3,2.77,41.6,41.1,84.7,0
"C1067","Urban","EV_Charging",4,2.36,55.2,48.1,41.4,0
"C1068","Rural","Transit_Upgrade",4,5.7,63.6,52.8,52.3,0
"C1069","Suburban","Transit_Upgrade",9,2.13,55.5,80,49.7,1
"C1070","Rural","Building_Retrofit",1,7.36,49.1,64.8,63.4,1
"C1071","Urban","EV_Charging",5,0.25,48.7,84.5,54.4,0
"C1072","Rural","EV_Charging",6,7.3,59.6,65.3,48.6,1
"C1073","Rural","Building_Retrofit",4,5.88,47.6,35.9,38.8,0
"C1074","Rural","Building_Retrofit",4,1.81,63.4,34,78.5,0
"C1075","Suburban","Transit_Upgrade",5,5.79,87.3,40.5,43.5,1
"C1076","Suburban","Building_Retrofit",4,1.81,76,26.9,61.4,1
"C1077","Urban","Building_Retrofit",11,3.94,77.2,44.3,60,1
"C1078","Rural","Building_Retrofit",3,1.59,93.4,69,78.6,1
"C1079","Rural","EV_Charging",3,6.27,75,69.4,80,1
"C1080","Suburban","Building_Retrofit",4,5.25,42.7,43.3,43.3,1
"C1081","Rural","Transit_Upgrade",4,7.37,77.2,45.2,54.5,1
"C1082","Rural","EV_Charging",4,7.7,100,44.3,24.7,1
"C1083","Suburban","Building_Retrofit",6,3.9,78.9,93,68.3,1
"C1084","Suburban","Building_Retrofit",5,2.33,57,48.9,83.2,1
"C1085","Urban","Building_Retrofit",4,2.12,72.5,41,51.3,1
"C1086","Suburban","EV_Charging",3,6.41,80.6,31.7,53.2,1
"C1087","Rural","EV_Charging",3,2.74,53.1,55.8,61,0
"C1088","Urban","EV_Charging",3,4.64,73.2,33.8,85.4,1
"C1089","Urban","Building_Retrofit",7,3.57,69.9,42.2,32.4,1
"C1090","Suburban","EV_Charging",6,1.77,82.4,76.7,82.7,1
"C1091","Urban","EV_Charging",3,6.62,60.4,42,58.2,1
"C1092","Suburban","Transit_Upgrade",1,1.62,56,61.3,65.9,0
"C1093","Suburban","Transit_Upgrade",7,3.45,78.2,50.6,85.5,1
"C1094","Rural","Transit_Upgrade",3,2.65,70.9,55.9,56,1
"C1095","Suburban","Transit_Upgrade",2,7.77,61.4,50.9,59.5,0
"C1096","Urban","Transit_Upgrade",3,0.91,71.1,91.5,62.7,1
"C1097","Suburban","Transit_Upgrade",5,7.01,79.5,89.1,62.4,1
"C1098","Urban","EV_Charging",3,6.19,69.6,70.7,41.3,1
"C1099","Suburban","EV_Charging",1,4.89,61,66.6,64.4,1
"C1100","Suburban","Transit_Upgrade",3,3.29,58.2,69.1,57.1,1
"C1101","Urban","Building_Retrofit",3,2.18,80.8,21,50.7,0
"C1102","Suburban","EV_Charging",4,2,65.4,38.9,47.4,1
"C1103","Suburban","EV_Charging",5,7.43,78.3,76.7,73.9,1
"C1104","Suburban","Building_Retrofit",4,6.19,82.3,39.8,73,1
"C1105","Suburban","Building_Retrofit",1,2.85,74.3,52.7,47.8,1
"C1106","Urban","EV_Charging",4,4.82,68,38.7,78.4,1
"C1107","Urban","EV_Charging",5,4.49,69.4,56.9,79,1
"C1108","Suburban","Building_Retrofit",3,5.39,70.5,45.9,20,1
"C1109","Urban","EV_Charging",9,1.15,64.9,56.8,56.8,1
"C1110","Urban","Building_Retrofit",5,2,47.3,55.9,46.5,1
"C1111","Suburban","Transit_Upgrade",5,3.54,56,77.1,78.3,1
"C1112","Rural","Transit_Upgrade",6,4.04,61.8,36,40.3,1
"C1113","Suburban","EV_Charging",3,0.42,81.4,50.1,88.4,1
"C1114","Urban","EV_Charging",1,1.83,66.8,73.2,46.6,0
"C1115","Urban","Transit_Upgrade",2,1.05,45.6,29.2,42.2,1
"C1116","Suburban","Transit_Upgrade",6,4.14,53.5,62.1,55.1,0
"C1117","Suburban","Transit_Upgrade",3,2.96,68.8,73.6,55.1,1
"C1118","Urban","Building_Retrofit",3,0.64,81.6,74.3,66.2,1
"C1119","Urban","EV_Charging",3,7.8,60,53.7,81.9,1
"C1120","Rural","Building_Retrofit",3,6.55,80.1,19.8,72.4,1
"C1121","Suburban","Building_Retrofit",5,6.92,79.4,66.6,80.6,1
"C1122","Urban","Building_Retrofit",5,7.61,57.7,32.4,62.7,1
"C1123","Suburban","Building_Retrofit",5,5.13,65,57.9,42.8,1
"C1124","Urban","Transit_Upgrade",2,7.44,66,41.6,81,1
"C1125","Suburban","Transit_Upgrade",5,2.58,62,75.1,51.5,1
"C1126","Urban","Transit_Upgrade",4,7.16,65.7,53.9,59.9,1
"C1127","Urban","EV_Charging",3,3.94,77.2,44.7,81,1
"C1128","Urban","Transit_Upgrade",3,7.03,76.4,78.9,49.5,1
"C1129","Suburban","Transit_Upgrade",2,5.89,86.2,33.3,60,1
"C1130","Urban","Transit_Upgrade",6,6.18,60.7,65.3,55.3,1
"C1131","Rural","EV_Charging",1,5.05,68.3,62.1,67.9,1
"C1132","Suburban","Building_Retrofit",6,1.38,82.5,25.7,69.5,1
"C1133","Suburban","Transit_Upgrade",5,3.36,58.7,61.1,61.4,0
"C1134","Rural","EV_Charging",1,5.91,89.8,66.5,68.1,1
"C1135","Suburban","EV_Charging",6,5.2,88.6,39.3,65.4,1
"C1136","Suburban","Building_Retrofit",3,4.87,62,24.5,77.6,0
"C1137","Urban","EV_Charging",2,1.04,63.6,45.9,50.5,0
"C1138","Suburban","EV_Charging",3,3.01,44.8,77.2,61.6,0
"C1139","Suburban","Building_Retrofit",1,7.1,56.6,41.9,68.8,0
"C1140","Urban","Transit_Upgrade",4,2.45,49.1,77.3,45.8,0
"C1141","Suburban","EV_Charging",2,6.18,81.1,38.2,70.7,1
"C1142","Urban","Transit_Upgrade",6,4.58,100,50.9,27.4,1
"C1143","Suburban","EV_Charging",5,2.85,74.1,85.7,73,1
"C1144","Urban","Transit_Upgrade",3,5.86,66.9,56.5,46.2,1
"C1145","Suburban","EV_Charging",8,2.05,58.5,25.8,42.1,1
"C1146","Rural","Transit_Upgrade",2,5.43,59.5,71.5,48.6,1
"C1147","Rural","Building_Retrofit",3,4.66,63.3,32.5,77.1,1
"C1148","Urban","Building_Retrofit",4,5.38,62,45.4,64.6,1
"C1149","Urban","Transit_Upgrade",2,4.44,77.3,51.2,80.2,1
"C1150","Rural","EV_Charging",5,5.03,53.1,43,50.8,1
"C1151","Suburban","Building_Retrofit",7,4.77,80.4,77.5,82.3,1
"C1152","Urban","EV_Charging",2,0.36,65.9,26.5,78.5,0
"C1153","Rural","Building_Retrofit",1,1.25,53.5,38.9,67.2,0
"C1154","Urban","Building_Retrofit",4,3.66,68.6,58.1,79.9,0
"C1155","Suburban","EV_Charging",6,4.57,69,5,71.5,1
"C1156","Suburban","Transit_Upgrade",6,2.18,73.2,31.3,44.9,1
"C1157","Suburban","Transit_Upgrade",2,2.48,64.4,62.2,58.8,1
"C1158","Suburban","EV_Charging",3,0.29,93.5,58.8,65.4,1
"C1159","Suburban","Building_Retrofit",1,3.42,64.8,87.7,51.4,1
"C1160","Rural","EV_Charging",2,5.77,64.6,25.7,80.2,1
"C1161","Urban","EV_Charging",12,0.21,80.5,42.5,68.7,1
"C1162","Urban","EV_Charging",3,1.02,80.8,26.1,81.4,1
"C1163","Suburban","Transit_Upgrade",7,3.92,51.5,70,44.6,1
"C1164","Urban","Transit_Upgrade",8,4.75,71.9,48.8,66.2,1
"C1165","Rural","Building_Retrofit",5,1.31,62,43,78.5,0
"C1166","Urban","Building_Retrofit",7,2.62,47.3,53.2,38.8,1
"C1167","Urban","Building_Retrofit",4,7.5,78.1,42.1,55,1
"C1168","Suburban","EV_Charging",8,1.78,72.1,62.7,53.1,1
"C1169","Urban","Transit_Upgrade",3,2.32,60.4,83.1,66.7,1
"C1170","Urban","Transit_Upgrade",8,0.59,72.2,50.3,79.4,0
"C1171","Urban","Transit_Upgrade",5,1.62,55.6,57.7,57.5,0
"C1172","Rural","Building_Retrofit",3,0.2,72.8,51.9,41.2,1
"C1173","Urban","Building_Retrofit",5,4.43,75.6,49.4,74.7,1
"C1174","Suburban","EV_Charging",1,7.6,72.5,58.4,75.8,1
"C1175","Rural","Building_Retrofit",6,1.19,50.9,52.8,79.2,0
"C1176","Suburban","EV_Charging",7,1.95,72.7,52.2,75.4,1
"C1177","Urban","Transit_Upgrade",4,7.39,75.4,59.1,65.5,1
"C1178","Urban","Building_Retrofit",1,5.82,70.4,79.2,91.3,1
"C1179","Urban","Transit_Upgrade",2,6.72,72.2,91.4,52.5,1
"C1180","Urban","Building_Retrofit",4,7.52,43.6,38,77.3,0
"C1181","Rural","EV_Charging",7,2.93,64.2,66.2,34.1,1
"C1182","Rural","Building_Retrofit",3,0.42,78.6,27.1,79.5,1
"C1183","Rural","EV_Charging",2,7.1,51.7,58.9,52.4,1
"C1184","Rural","EV_Charging",5,6.97,87.6,48.4,51.8,1
"C1185","Urban","Transit_Upgrade",5,3.84,51.7,70.7,45.5,1
"C1186","Urban","EV_Charging",3,7.05,89.7,47.9,86.7,1
"C1187","Urban","EV_Charging",1,3.16,78.3,58.3,59.7,1
"C1188","Rural","EV_Charging",5,5.28,90.3,68.2,65,1
"C1189","Suburban","EV_Charging",4,5.33,73.4,95,64.9,1
"C1190","Urban","Building_Retrofit",3,4.28,80.5,62.2,61.1,1
"C1191","Rural","EV_Charging",7,5.94,76,48.9,58.6,1
"C1192","Suburban","EV_Charging",4,6.21,91.9,50.3,64.3,1
"C1193","Urban","EV_Charging",2,7.5,94.3,8.2,73.1,1
"C1194","Urban","EV_Charging",10,0.93,67.8,76.1,41.1,1
"C1195","Urban","EV_Charging",3,2.41,75.1,41.2,43.9,1
"C1196","Rural","Building_Retrofit",4,4.16,59.4,38.1,71.8,1
"C1197","Suburban","EV_Charging",6,1.91,62.6,45.7,85.7,1
"C1198","Urban","Building_Retrofit",3,7.61,75.2,62.1,61.9,1
"C1199","Rural","Building_Retrofit",2,1.91,69.9,34.3,63.7,0
"C1200","Rural","EV_Charging",3,7.32,86.3,98,53,1
