policy_id,site_id,policy_strength,policy_type,grant_amount,inspection_count,compliance_score,estimated_reduction_pct,policy_adopted,start_date
P0001,S0459,Partial,Industrial Retrofit,25057.54,9,150.0,13.8,True,2021-12-25
P0002,S0796,Pilot,Emissions Cap,61830.08,1,60.7,11.1,True,2022-12-16
P0003,S0593,Pilot,Emissions Cap,80161.89,3,58.9,4.2,True,2024-04-12
P0004,S0498,Partial,Industrial Retrofit,24889.86,4,79.7,5.2,True,2022-09-14
P0005,S0087,None,EV Incentive,11691.09,8,70.8,20.1,True,2024-01-29
P0006,S0402,Pilot,Emissions Cap,,6,64.5,29.3,True,2023-08-02
P0007,S0197,Partial,Congestion Pricing,42749.88,4,64.3,14.4,True,2023-08-14
P0008,S0764,Full,Congestion Pricing,41146.51,5,62.9,3.9,True,2022-06-08
P0009,S1107,Full,Emissions Cap,18686.93,8,63.8,21.4,True,2022-04-09
P0010,S0027,Pilot,EV Incentive,13299.25,3,65.0,7.4,True,2021-08-19
P0011,S0135,Partial,Congestion Pricing,48794.11,1,61.4,12.5,True,2024-03-02
P0012,S1114,None,Congestion Pricing,12877.11,4,71.7,9.9,False,2024-02-26
P0013,S0206,Pilot,Industrial Retrofit,20607.55,6,74.0,11.1,True,2023-06-16
P0014,S1051,Partial,EV Incentive,,3,58.2,7.4,True,2021-12-22
P0015,S0603,None,Emissions Cap,8098.68,0,75.8,17.8,False,2021-10-22
P0016,S1092,Pilot,Industrial Retrofit,47667.68,7,49.7,8.9,True,2024-04-01
P0017,S0362,Full,Industrial Retrofit,112214.65,4,71.0,13.7,False,2021-03-21
P0018,S0658,Full,Industrial Retrofit,28805.84,9,71.6,13.5,False,2023-10-10
P0019,S1087,Partial,EV Incentive,26349.6,1,64.0,9.3,True,2022-03-03
P0020,S0972,Full,EV Incentive,27628.28,2,65.7,1.0,False,2022-05-18
P0021,S0980,Partial,EV Incentive,30788.9,9,150.0,5.0,True,2023-09-26
P0022,S0941,None,Emissions Cap,17361.6,9,58.9,14.3,True,2021-04-19
P0023,S0908,Partial,EV Incentive,13703.42,4,65.0,11.8,True,2022-03-02
P0024,S0246,Pilot,Industrial Retrofit,21766.66,3,58.4,5.1,True,2024-02-17
P0025,S0278,Pilot,Congestion Pricing,29500.46,8,78.7,10.3,True,2023-04-19
P0026,S0347,Full,Emissions Cap,14778.87,8,39.8,11.3,True,2023-06-25
P0027,S0372,Pilot,Emissions Cap,11992.48,7,63.4,13.5,False,2023-06-29
P0028,S0809,None,Emissions Cap,20655.73,1,42.2,20.9,True,2021-03-14
P0029,S0849,Pilot,Industrial Retrofit,12087.81,4,150.0,-3.7,True,2021-09-01
P0030,S0123,Pilot,EV Incentive,40258.57,7,58.1,17.3,True,2022-08-13
P0031,S1081,Full,Industrial Retrofit,3412.0,7,81.1,11.3,True,2022-03-18
P0032,S0160,Partial,Congestion Pricing,13347.97,6,150.0,3.8,True,2022-05-09
P0033,S1151,Partial,EV Incentive,62825.6,3,65.9,11.0,False,2023-07-27
P0034,S0737,Partial,Congestion Pricing,23552.07,2,150.0,18.7,True,2021-01-18
P0035,S0518,Partial,Emissions Cap,30042.18,7,77.4,20.5,True,2023-03-04
P0036,S0935,Partial,Emissions Cap,24900.62,7,78.6,3.9,True,2021-01-01
P0037,S0746,Partial,Industrial Retrofit,18464.57,9,58.1,4.9,True,2021-03-17
P0038,S0288,Full,EV Incentive,51902.17,4,73.1,2.2,True,2022-05-05
P0039,S0420,Full,Emissions Cap,19089.3,2,53.5,11.4,True,2023-10-07
P0040,S0140,Full,Industrial Retrofit,16365.18,4,60.3,11.7,True,2021-06-23
P0041,S0707,FULL,Congestion Pricing,39897.03,3,72.1,15.9,True,2022-10-28
P0042,S0698,Full,Industrial Retrofit,8447.36,7,57.1,12.6,False,2023-03-26
P0043,S0987,Pilot,EV Incentive,22668.82,1,60.7,15.4,False,2021-10-03
P0044,S0475,Full,EV Incentive,19704.96,7,45.1,1.7,True,2022-09-07
P0045,S0389,FULL,EV Incentive,22415.48,9,70.4,20.5,False,2023-12-30
P0046,S0511,Full,Emissions Cap,20069.77,5,54.4,17.8,False,2022-09-07
P0047,S0538,Full,Industrial Retrofit,33693.24,3,55.1,6.8,True,2021-07-08
P0048,S0213,Pilot,Congestion Pricing,52042.28,2,81.3,5.3,True,2023-01-24
P0049,S0897,None,EV Incentive,35440.2,9,56.8,14.5,True,2022-12-12
P0050,S1062,Pilot,Industrial Retrofit,21979.2,4,74.0,0.6,True,2021-02-02
P0051,S0233,Partial,Emissions Cap,39295.29,5,78.2,5.6,True,2021-04-19
P0052,S0260,Pilot,Congestion Pricing,42156.95,0,76.0,3.8,True,2021-07-08
P0053,S0308,Pilot,Congestion Pricing,,0,62.0,9.4,True,2021-06-13
P0054,S0403,Partial,Congestion Pricing,50472.8,9,59.9,7.3,True,2021-11-08
P0055,S0997,FULL,Emissions Cap,6578.5,2,54.0,5.3,True,2022-06-29
P0056,S0750,Full,EV Incentive,27338.7,1,43.9,4.7,True,2022-03-23
P0057,S1130,Partial,Emissions Cap,32361.09,0,74.3,6.2,True,2023-12-05
P0058,S0304,Partial,Congestion Pricing,11061.86,7,150.0,2.9,True,2023-01-05
P0058,S0343,Partial,Industrial Retrofit,30713.66,0,70.7,13.3,True,2023-11-18
P0060,S1062,Full,Congestion Pricing,46582.04,9,30.9,16.8,False,2022-09-25
P0061,S0855,Pilot,Industrial Retrofit,23521.62,7,62.9,12.4,True,2021-04-18
P0062,S1070,Pilot,Emissions Cap,39891.7,4,72.6,18.3,True,2022-07-10
P0063,S0256,Full,Emissions Cap,49694.62,3,80.4,5.0,True,2023-09-14
P0064,S0137,Partial,Emissions Cap,60203.05,7,68.6,5.5,True,2021-08-21
P0065,S0818,Partial,Industrial Retrofit,54029.87,7,67.3,12.7,True,2021-04-20
P0066,S0973,Pilot,Emissions Cap,61044.85,7,56.9,13.4,True,2022-01-31
P0067,S0038,Pilot,EV Incentive,19935.78,2,69.5,10.1,True,2022-04-12
P0068,S1179,Partial,Congestion Pricing,21288.46,7,62.2,9.9,True,2022-01-03
P0069,S0105,None,EV Incentive,6099.32,0,56.2,3.6,True,2021-06-12
P0070,S0255,Pilot,Industrial Retrofit,14198.61,3,51.1,-5.0,True,2021-10-29
P0071,S0488,Pilot,Emissions Cap,55886.01,4,53.7,13.3,False,2023-03-30
P0072,S0458,Partial,Congestion Pricing,18715.1,5,68.9,15.9,True,2022-04-09
P0073,S0528,Partial,Emissions Cap,34151.2,4,48.3,7.4,True,2023-01-30
P0074,S0591,Full,Emissions Cap,31083.61,4,61.5,6.7,False,2022-10-06
P0074,S0525,Partial,Congestion Pricing,56636.66,4,80.7,6.0,False,2022-10-21
P0076,S0370,Full,Congestion Pricing,8004.59,8,47.8,7.7,True,2021-10-26
P0077,S0102,Partial,EV Incentive,33242.29,9,70.4,16.0,True,2022-09-18
P0078,S0916,Partial,EV Incentive,32919.5,9,71.6,4.4,True,2021-01-29
P0079,S0664,None,EV Incentive,16079.84,2,61.5,13.9,True,2022-06-03
P0080,S0690,None,EV Incentive,47865.39,1,72.5,7.0,True,2022-11-19
P0081,S0599,Partial,EV Incentive,11621.11,9,62.7,-2.0,False,2021-08-07
P0082,S0600,Pilot,Industrial Retrofit,50956.19,1,74.5,7.9,True,2021-11-04
P0083,S0541,Partial,Industrial Retrofit,7380.44,7,52.2,19.8,False,2021-09-21
P0084,S0389,Partial,Emissions Cap,15631.57,4,87.7,5.9,True,2021-03-26
P0085,S0363,Full,Emissions Cap,24737.29,4,82.2,8.6,False,2022-02-22
P0086,S0931,Full,EV Incentive,30656.37,5,38.2,10.0,True,2024-03-20
P0087,S0612,None,Emissions Cap,8770.51,8,150.0,11.2,True,2022-03-01
P0088,S1139,Pilot,Industrial Retrofit,50299.26,6,58.1,19.3,False,2022-07-07
P0089,S0722,Partial,Industrial Retrofit,42282.81,4,82.2,5.2,True,2023-02-23
P0090,S0343,Pilot,Emissions Cap,84287.42,4,77.1,10.1,True,2023-02-18
P0091,S1098,Pilot,EV Incentive,40997.52,9,52.0,14.6,True,2024-02-14
P0092,S0135,Full,Industrial Retrofit,17294.68,8,71.9,5.7,True,2023-10-27
P0093,S0940,Full,Congestion Pricing,14146.47,8,56.6,10.4,True,2023-08-11
P0094,S0978,Partial,Congestion Pricing,20902.94,1,71.5,15.9,True,2024-02-16
P0095,S0380,Partial,Emissions Cap,,6,65.6,6.9,False,2021-10-04
P0096,S1149,Pilot,EV Incentive,27682.74,9,56.2,9.0,True,2023-01-11
P0097,S0038,Partial,Emissions Cap,28400.22,0,49.0,3.1,True,2023-12-01
P0098,S0781,Pilot,EV Incentive,61554.4,3,67.8,15.7,True,2023-01-19
P0099,S0310,Partial,EV Incentive,,1,70.6,11.0,False,2024-03-18
P0100,S0106,Pilot,Congestion Pricing,37174.42,9,63.1,7.4,True,2021-05-01
P0101,S0556,FULL,Industrial Retrofit,36673.36,8,55.7,8.2,True,2022-06-12
P0102,S0397,Partial,Industrial Retrofit,47782.49,5,59.2,9.9,True,2024-03-18
P0103,S0153,Partial,Emissions Cap,44863.33,3,51.8,12.0,True,2022-04-01
P0104,S0536,Full,Emissions Cap,,2,73.8,6.1,True,2023-06-07
P0105,S0996,Pilot,EV Incentive,11732.67,3,39.1,6.6,True,2021-02-06
P0106,S0966,FULL,Industrial Retrofit,19169.43,1,76.4,8.4,True,2023-04-14
P0107,S1170,Full,EV Incentive,44589.67,4,64.1,10.9,True,2024-01-27
P0108,S0893,Full,Congestion Pricing,81848.51,8,71.3,19.6,False,2022-04-05
P0109,S0583,Partial,Congestion Pricing,12916.24,5,72.4,5.2,True,2021-01-26
P0110,S0201,None,EV Incentive,12415.94,1,66.4,0.1,True,2021-02-03
P0111,S0012,Partial,EV Incentive,10463.6,5,60.3,18.4,True,2023-12-07
P0112,S1076,None,EV Incentive,16979.64,8,78.3,4.7,True,2023-05-18
P0113,S0768,Partial,EV Incentive,47502.46,3,44.4,18.8,True,2021-05-09
P0114,S0920,Pilot,EV Incentive,59261.47,0,80.6,17.5,True,2021-03-07
P0115,S0521,Full,Congestion Pricing,7729.55,1,51.5,13.3,True,2023-08-24
P0116,S1164,Pilot,Congestion Pricing,13054.59,4,61.1,17.3,True,2023-08-30
P0117,S0100,Full,Congestion Pricing,11668.68,9,82.2,-1.0,True,2021-05-25
P0118,S1161,Pilot,Emissions Cap,15984.81,6,91.8,1.9,True,2021-12-28
P0119,S0871,Pilot,Congestion Pricing,23543.18,7,67.2,11.7,True,2023-07-26
P0120,S0366,Full,Industrial Retrofit,21195.62,2,48.7,7.7,True,2022-09-23
P0121,S0657,Pilot,Industrial Retrofit,36617.87,8,75.2,5.3,False,2024-02-22
P0122,S0161,Partial,EV Incentive,8467.69,1,64.5,14.8,True,2022-08-01
P0123,S0761,Pilot,Congestion Pricing,19686.48,3,52.3,11.5,True,2023-03-24
P0124,S0175,Partial,EV Incentive,61073.94,3,67.6,16.3,False,2022-09-04
P0125,S1112,None,EV Incentive,62486.58,5,49.3,7.8,False,2024-02-06
P0126,s0545,Pilot,Industrial Retrofit,73046.2,9,67.3,9.9,True,2022-04-24
P0127,S0477,Partial,Industrial Retrofit,,5,54.0,19.2,True,2021-10-03
P0128,S0283,FULL,EV Incentive,18159.51,2,41.4,2.3,False,2022-01-27
P0129,S0957,None,Industrial Retrofit,29879.19,8,45.1,9.5,False,2023-10-21
P0130,S0452,Partial,EV Incentive,122593.72,4,57.7,4.8,False,2022-08-21
P0131,S0082,FULL,EV Incentive,19568.2,1,71.0,20.2,True,2022-03-02
P0132,S0816,None,EV Incentive,80797.56,5,80.0,24.4,True,2022-10-16
P0133,S0520,Partial,Emissions Cap,6234.95,2,150.0,11.3,True,2021-06-09
P0134,S0134,Full,Industrial Retrofit,37918.38,7,46.9,13.0,False,2021-01-07
P0135,S0447,None,Industrial Retrofit,39670.34,2,62.3,9.4,False,2021-12-03
P0136,S0118,Partial,Congestion Pricing,33662.9,4,57.7,9.1,False,2022-12-28
P0137,S0749,Partial,Industrial Retrofit,35011.74,3,63.7,10.5,True,2023-05-05
P0138,S1174,None,Congestion Pricing,36824.89,3,81.9,1.9,True,2023-09-19
P0139,S0646,None,EV Incentive,37872.99,1,66.9,14.0,True,2024-01-17
P0140,S0379,Pilot,Emissions Cap,22060.77,7,75.4,4.1,False,2022-05-10
P0141,S0608,Partial,EV Incentive,22865.43,2,91.5,7.9,True,2023-06-08
P0142,S0966,None,EV Incentive,,3,46.2,10.2,False,2021-03-31
P0143,S0525,Full,EV Incentive,41751.62,5,59.3,5.4,True,2021-03-11
P0144,S1141,Partial,Congestion Pricing,58768.75,8,71.9,13.6,True,2021-05-30
P0145,S0576,Pilot,Emissions Cap,76621.33,3,68.2,7.1,False,2022-06-23
P0146,S0937,Partial,EV Incentive,16438.02,2,77.6,16.4,True,2021-09-11
P0147,S0662,Full,Congestion Pricing,9562.0,4,60.4,4.8,True,2021-12-11
P0148,S0876,Pilot,EV Incentive,,8,67.5,9.0,False,2023-02-17
P0149,S0012,Pilot,Emissions Cap,13448.52,0,55.9,3.6,True,2022-03-07
P0150,S1114,Partial,EV Incentive,37913.44,4,77.8,15.9,False,2022-10-31
P0150,S0388,None,EV Incentive,7163.78,3,65.5,8.1,True,2022-05-10
P0152,S0083,None,Industrial Retrofit,51654.14,4,81.8,6.7,False,2021-07-22
P0152,S0976,None,Congestion Pricing,29494.77,6,81.9,8.9,True,2021-03-30
P0154,S0396,Pilot,Emissions Cap,8494.69,6,49.6,9.3,True,2021-10-11
P0155,S0545,None,Congestion Pricing,32287.96,6,83.8,12.4,True,2021-03-11
P0156,S0661,Full,Industrial Retrofit,28480.56,0,76.2,13.2,True,2023-01-13
P0157,S0640,Full,EV Incentive,36817.77,8,63.1,9.1,True,2023-08-13
P0158,S0100,None,Emissions Cap,43530.11,6,75.1,9.8,False,2022-02-12
P0159,S0457,Pilot,Emissions Cap,6312.03,3,58.9,-5.0,False,2022-04-10
P0159,S0874,None,Congestion Pricing,20277.67,3,81.3,7.3,False,2023-09-07
P0161,S0328,None,EV Incentive,25503.78,1,66.2,18.6,True,2021-09-25
P0162,S0724,Pilot,Industrial Retrofit,22533.91,5,75.7,12.7,True,2021-05-23
P0163,S0074,Pilot,EV Incentive,21793.85,9,150.0,3.6,True,2022-08-25
P0164,S1120,Full,Congestion Pricing,50648.77,2,68.4,7.7,False,2023-02-15
P0165,S0092,Pilot,Emissions Cap,9520.86,0,75.6,6.4,True,2022-12-21
P0166,S0330,Pilot,Emissions Cap,22586.55,4,68.7,16.4,True,2023-05-07
P0167,S0175,Pilot,EV Incentive,23686.16,5,71.7,15.8,True,2021-03-10
P0168,S0315,None,EV Incentive,25193.61,4,55.9,5.3,True,2022-05-29
P0169,S0497,Full,EV Incentive,14967.13,4,68.7,10.1,False,2021-10-14
P0170,S0428,None,EV Incentive,97250.74,9,55.9,3.2,True,2023-06-30
P0171,S0035,Full,Industrial Retrofit,48395.07,7,64.8,6.2,False,2023-11-14
P0172,S0119,None,Industrial Retrofit,101409.42,9,59.1,6.5,True,2021-12-04
P0173,S0925,Partial,Industrial Retrofit,39504.22,0,62.5,5.8,False,2021-04-25
P0174,S0828,Full,Industrial Retrofit,,7,44.0,12.2,True,2021-11-01
P0175,S1129,None,Congestion Pricing,26832.55,6,65.3,18.1,True,2021-05-05
P0176,S0390,Pilot,Emissions Cap,68723.73,0,63.7,9.6,True,2022-01-22
P0177,S0176,Partial,Emissions Cap,37771.75,8,46.8,3.7,True,2022-10-08
P0178,S0106,None,Congestion Pricing,,3,69.1,11.2,True,2024-03-14
P0179,S0592,Partial,Congestion Pricing,81466.16,6,74.9,11.3,True,2022-04-25
P0180,S1187,None,Industrial Retrofit,12311.75,2,68.8,8.9,True,2021-09-22
P0181,S0914,Pilot,EV Incentive,17339.28,7,74.4,21.2,True,2021-07-20
P0182,S0955,None,Emissions Cap,145273.11,3,58.7,11.5,True,2021-07-27
P0183,S0953,Full,Congestion Pricing,40232.16,1,62.4,13.4,True,2021-08-20
P0184,S0861,None,EV Incentive,5542.02,1,65.9,-3.5,False,2023-07-04
P0185,S0127,None,Industrial Retrofit,49580.81,7,66.8,4.2,False,2021-03-15
P0186,S0824,Partial,Congestion Pricing,14561.52,7,36.8,13.1,True,2024-04-11
P0187,S0234,Pilot,Emissions Cap,19061.23,0,53.9,11.7,True,2022-09-20
P0188,S0667,Pilot,Emissions Cap,124313.77,5,77.0,7.7,True,2022-10-16
P0189,S0931,None,Emissions Cap,72642.81,8,55.6,12.7,True,2022-03-06
P0190,S0137,Partial,Congestion Pricing,,8,62.0,15.6,False,2023-04-09
P0191,S0556,Partial,Emissions Cap,18687.7,1,64.4,7.2,True,2022-07-20
P0192,S0759,Pilot,Industrial Retrofit,22591.66,7,48.9,6.3,True,2022-01-30
P0193,S1173,None,Emissions Cap,30674.88,7,84.0,8.5,True,2021-11-15
P0194,S0056,Partial,Industrial Retrofit,45298.91,3,64.6,13.0,False,2024-01-16
P0195,S0356,Partial,Emissions Cap,21912.44,3,54.7,6.6,True,2021-12-16
P0196,S0923,Pilot,Industrial Retrofit,83035.53,4,72.8,15.1,False,2022-06-08
P0197,S0813,None,Congestion Pricing,36123.95,9,150.0,7.1,False,2022-02-25
P0198,S1087,Pilot,Industrial Retrofit,65812.08,6,65.7,6.6,True,2021-04-14
P0199,S1087,Partial,Congestion Pricing,16848.32,0,81.9,24.1,True,2021-08-12
P0200,S0806,Full,EV Incentive,,8,58.5,2.6,True,2021-08-16
P0201,S1053,None,Industrial Retrofit,31176.02,2,78.7,14.7,True,2023-04-13
P0202,S0600,Pilot,Congestion Pricing,20425.32,3,60.9,-0.8,True,2022-05-03
P0203,S0568,None,EV Incentive,50444.78,6,65.8,13.9,True,2023-07-28
P0204,S0705,Pilot,Emissions Cap,,4,68.6,26.2,True,2023-05-01
P0205,S0612,Pilot,EV Incentive,23308.24,4,60.9,16.3,True,2021-08-19
P0206,S0141,Full,Industrial Retrofit,39925.99,0,52.8,18.0,False,2022-11-07
P0207,S0561,None,EV Incentive,91593.21,1,70.4,9.4,False,2023-06-11
P0208,S0499,Partial,Emissions Cap,50350.23,4,78.5,15.7,True,2023-01-30
P0209,S0627,Pilot,EV Incentive,39783.24,1,72.5,11.5,True,2022-12-22
P0210,S0502,Full,Industrial Retrofit,,0,72.2,22.2,True,2023-06-07
P0211,S0741,Partial,Industrial Retrofit,73754.12,9,59.5,3.4,False,2021-03-10
P0212,S0764,None,Congestion Pricing,,2,73.3,17.1,False,2023-05-28
P0213,S0675,Full,Emissions Cap,25766.05,0,69.3,12.6,True,2021-11-24
P0214,S0049,None,Emissions Cap,46229.39,9,75.4,4.5,True,2022-11-18
P0215,S0627,Partial,EV Incentive,22497.6,7,66.2,8.4,True,2021-10-18
P0216,S0680,Full,Emissions Cap,26038.55,7,72.2,0.4,True,2023-10-04
P0217,S0277,None,Industrial Retrofit,35866.0,7,59.2,-5.0,True,2022-07-31
P0218,S0047,FULL,EV Incentive,11281.64,6,73.3,2.8,True,2023-02-11
P0219,S0926,Full,Congestion Pricing,33563.21,6,49.9,7.7,False,2023-08-11
P0220,S0216,Full,EV Incentive,17767.66,1,61.0,10.5,True,2023-12-11
P0221,S0230,Partial,EV Incentive,13204.78,8,56.6,2.1,False,2023-05-29
P0222,S0323,Pilot,Congestion Pricing,43345.08,6,100.0,8.1,True,2021-06-28
P0223,S0225,Partial,EV Incentive,23006.41,4,72.8,11.4,True,2023-10-23
P0224,S0046,Partial,Emissions Cap,30699.21,3,150.0,6.5,False,2023-01-13
P0225,S1038,Partial,EV Incentive,23345.86,7,48.6,3.5,False,2023-01-02
P0226,S0633,Full,EV Incentive,18583.21,4,44.1,5.6,False,2024-01-11
P0227,S0375,None,EV Incentive,28869.54,5,51.3,18.0,False,2021-10-26
P0228,S0703,None,Industrial Retrofit,11880.47,3,54.8,-0.4,False,2021-10-15
P0229,S0987,Partial,Industrial Retrofit,25393.7,1,53.3,16.9,True,2022-09-08
P0230,S0333,Full,Emissions Cap,88295.1,6,59.4,18.2,False,2023-06-21
P0231,S0166,Pilot,Congestion Pricing,13099.3,1,75.0,7.9,False,2022-06-21
P0232,S0507,Full,Industrial Retrofit,63303.44,6,62.6,12.8,True,2023-01-31
P0233,S0117,Full,Industrial Retrofit,94096.74,6,73.6,5.3,True,2022-06-28
P0234,S0943,Full,Emissions Cap,16792.63,0,52.2,11.6,False,2023-01-03
P0235,S0636,Full,Emissions Cap,32746.96,9,60.4,23.4,False,2023-09-14
P0236,S0457,Full,Congestion Pricing,12334.58,9,53.7,17.6,True,2021-08-05
P0237,S0869,Full,EV Incentive,11275.39,2,70.3,7.0,False,2023-04-15
P0238,S0216,Partial,EV Incentive,29741.6,2,62.8,2.1,False,2023-08-03
P0239,S0113,None,Congestion Pricing,34389.55,5,86.3,8.2,True,2022-06-21
P0240,S1040,None,Congestion Pricing,19146.04,2,57.0,11.6,False,2022-01-23
P0241,S0216,FULL,Congestion Pricing,13648.76,8,52.5,14.3,True,2021-01-17
P0242,S0427,None,Emissions Cap,16808.56,4,68.6,9.3,True,2023-08-15
P0243,S1159,None,EV Incentive,45920.0,5,62.9,20.7,True,2022-01-29
P0244,S1067,Full,Congestion Pricing,46108.59,5,71.0,10.2,False,2022-03-05
P0245,S0764,Partial,Congestion Pricing,39557.3,7,64.3,7.1,True,2022-02-08
P0246,S0284,Pilot,EV Incentive,21346.38,9,63.3,13.1,False,2022-08-22
P0247,S0834,Partial,EV Incentive,14110.34,2,57.0,14.2,True,2023-04-23
P0248,S1122,Pilot,Emissions Cap,59139.62,8,61.8,5.4,False,2023-07-16
P0249,S1084,None,Industrial Retrofit,,6,46.6,4.4,False,2022-04-17
P0250,S0230,Full,Industrial Retrofit,19634.73,5,150.0,0.1,False,2023-03-07
P0251,S0385,Pilot,Emissions Cap,24456.7,0,80.2,8.3,False,2023-05-15
P0252,S0159,FULL,Emissions Cap,11156.41,3,76.3,17.3,False,2021-12-23
P0253,S0824,Pilot,EV Incentive,37062.55,4,59.5,14.0,True,2021-04-26
P0254,S0471,Partial,Emissions Cap,93477.1,1,57.5,16.7,True,2023-12-10
P0255,S0208,Full,Emissions Cap,47390.57,0,71.0,6.1,True,2023-03-24
P0256,S0174,None,Congestion Pricing,101437.58,1,53.6,9.0,False,2023-02-17
P0257,S1105,Full,Emissions Cap,21285.25,7,78.6,-1.4,True,2021-03-12
P0258,S1042,None,Emissions Cap,12276.36,9,36.4,16.0,True,2023-09-09
P0259,S1017,Partial,Congestion Pricing,66342.42,5,59.6,18.1,False,2022-11-11
P0260,S0708,Full,EV Incentive,29824.42,9,52.2,3.6,False,2023-10-15
P0261,S0975,FULL,EV Incentive,15743.23,1,80.0,19.8,False,2024-03-15
P0262,S0397,Pilot,Emissions Cap,82734.54,8,77.9,8.6,True,2024-02-23
P0263,S0974,None,Emissions Cap,18701.49,7,71.8,3.5,True,2023-10-25
P0264,S0766,Partial,Industrial Retrofit,13740.82,3,88.0,8.1,True,2021-01-14
P0265,S1166,None,Congestion Pricing,38598.41,9,65.1,13.8,True,2023-11-29
P0266,S0677,Pilot,Industrial Retrofit,,6,72.6,9.7,True,2021-04-01
P0267,S0517,Partial,Emissions Cap,49682.62,2,45.8,6.5,True,2023-10-19
P0268,S0662,Partial,Industrial Retrofit,13475.29,5,61.2,13.6,True,2021-12-03
P0269,S1156,FULL,Industrial Retrofit,31285.0,2,66.3,14.1,True,2023-01-03
P0270,S0306,Pilot,EV Incentive,32532.92,9,54.0,9.0,True,2021-02-15
P0271,S0358,Full,Congestion Pricing,31538.08,2,68.1,7.9,True,2023-07-15
P0272,S1187,Partial,EV Incentive,12423.98,8,41.4,6.7,False,2021-05-15
P0273,S0419,Partial,EV Incentive,23939.41,5,71.0,12.9,False,2022-05-08
P0274,S0642,Pilot,Industrial Retrofit,61337.88,7,59.8,0.4,False,2023-09-08
P0275,S0507,FULL,Congestion Pricing,23832.13,3,55.6,5.4,True,2023-04-15
P0276,S0312,Pilot,Emissions Cap,13486.87,3,73.9,9.0,False,2021-01-08
P0277,S0704,Partial,Congestion Pricing,20598.17,7,82.6,5.3,False,2022-04-29
P0278,S0245,Pilot,EV Incentive,12645.06,6,75.7,11.5,True,2021-02-20
P0279,S0477,Partial,Industrial Retrofit,7266.0,4,55.3,11.0,True,2023-03-20
P0280,S0615,Partial,Emissions Cap,24200.67,1,73.0,24.9,True,2024-03-08
P0281,S0436,Partial,EV Incentive,28566.97,5,61.9,5.4,False,2023-02-26
P0282,S0250,None,Industrial Retrofit,40918.23,0,78.6,9.9,True,2021-09-27
P0283,S1046,Partial,EV Incentive,35611.33,6,67.7,4.3,False,2022-03-03
P0284,S0477,Partial,Industrial Retrofit,,8,47.3,21.6,True,2024-03-17
P0285,S0511,None,Congestion Pricing,26248.33,4,62.1,20.2,False,2021-09-26
P0286,S0774,None,EV Incentive,96422.95,4,55.1,0.6,False,2022-11-05
P0287,S0924,Partial,Congestion Pricing,16237.84,6,55.7,9.0,False,2022-04-26
P0288,S1066,Pilot,Congestion Pricing,,4,61.1,10.2,True,2023-07-11
P0289,S0074,None,Industrial Retrofit,72778.92,9,68.3,8.0,True,2023-11-07
P0290,s0809,None,Emissions Cap,21291.29,3,75.9,7.1,False,2022-02-14
P0291,S0831,None,Congestion Pricing,25181.62,0,58.7,14.6,False,2023-03-04
P0292,S1046,Full,EV Incentive,34286.63,5,79.6,20.7,True,2022-10-21
P0293,S0220,Partial,EV Incentive,54202.2,8,44.6,14.8,False,2021-12-01
P0294,S0079,Partial,Industrial Retrofit,29295.87,3,54.9,15.2,True,2021-11-23
P0295,S0235,Full,Congestion Pricing,15831.45,9,89.6,7.9,True,2022-10-09
P0296,S0157,Partial,Emissions Cap,21035.23,3,51.3,16.1,True,2021-07-04
P0297,S0327,Partial,Emissions Cap,37197.75,4,80.0,16.1,False,2023-08-31
P0298,S1138,Pilot,EV Incentive,22537.46,5,64.7,7.2,True,2021-03-24
P0299,S0642,Partial,Industrial Retrofit,20325.25,2,64.1,8.6,False,2021-04-24
P0300,S0621,None,Congestion Pricing,15379.64,8,76.2,0.5,True,2022-02-15
P0301,S0985,Pilot,EV Incentive,55055.08,0,74.5,1.9,False,2021-05-22
P0302,S1044,None,Industrial Retrofit,25010.56,5,81.0,7.4,False,2022-07-25
P0303,S0606,Pilot,Emissions Cap,25105.89,5,62.0,3.6,True,2022-04-25
P0304,S0864,None,EV Incentive,40454.53,7,66.7,14.8,True,2023-05-17
P0305,S0749,Pilot,Industrial Retrofit,11879.67,4,62.0,9.0,True,2024-02-18
P0306,S1184,Full,Emissions Cap,27589.55,8,51.7,13.2,False,2023-06-24
P0307,S0915,Pilot,Industrial Retrofit,66382.78,8,67.0,2.7,True,2021-08-04
P0308,S0899,Full,EV Incentive,25892.27,1,63.0,17.8,True,2024-01-28
P0309,s0998,Partial,Congestion Pricing,30690.53,4,42.5,12.9,True,2022-04-16
P0310,S0860,Partial,Industrial Retrofit,30281.81,6,78.3,12.4,True,2022-07-24
P0311,S0573,Pilot,Congestion Pricing,50858.71,1,66.8,15.7,True,2022-05-21
P0312,S0038,Full,EV Incentive,30355.56,6,150.0,11.9,False,2021-12-03
P0313,S0118,None,Emissions Cap,118320.34,8,69.0,3.9,True,2023-12-11
P0314,S0390,Partial,Industrial Retrofit,30907.86,7,58.7,13.8,True,2022-02-03
P0315,S0680,Partial,Emissions Cap,20713.65,9,67.4,5.3,False,2022-11-26
P0316,S0377,Pilot,Congestion Pricing,66647.19,8,81.6,11.3,True,2021-10-16
P0317,S0849,Pilot,Congestion Pricing,23708.49,3,69.8,5.4,True,2023-08-15
P0318,S0376,Pilot,Emissions Cap,18774.2,7,59.2,20.0,False,2023-07-19
P0319,S0595,Full,EV Incentive,13186.43,8,52.6,14.0,True,2021-12-22
P0320,S0747,Full,Congestion Pricing,35855.62,9,56.4,16.0,True,2023-03-29
P0321,S1066,Full,EV Incentive,20445.62,1,74.7,5.4,True,2023-04-25
P0322,S0458,Pilot,Emissions Cap,16874.98,9,64.3,11.8,True,2022-11-07
P0323,S1154,Pilot,EV Incentive,19158.7,2,71.7,11.1,True,2022-12-22
P0324,S1052,None,Congestion Pricing,21633.7,0,61.6,10.7,False,2022-11-21
P0325,S0741,Full,Emissions Cap,44339.39,0,53.8,-1.6,True,2021-04-09
P0326,S0629,Pilot,EV Incentive,35958.53,9,72.2,21.8,False,2023-03-16
P0327,S0326,Pilot,EV Incentive,24668.34,5,55.3,9.8,True,2022-07-18
P0328,S0619,FULL,Industrial Retrofit,37665.64,0,60.1,13.0,False,2022-06-11
P0329,S0325,FULL,Congestion Pricing,25240.26,4,50.3,2.1,False,2023-10-29
P0330,S1184,Partial,Industrial Retrofit,30453.01,5,53.8,18.8,False,2021-01-28
P0331,S0516,None,EV Incentive,18030.79,8,75.7,18.3,True,2021-10-29
P0332,S0746,Pilot,Congestion Pricing,18130.98,5,77.6,15.1,True,2021-05-26
P0333,S0248,Full,Emissions Cap,29460.58,3,78.1,11.6,True,2021-02-12
P0334,S0398,Partial,Emissions Cap,29500.25,0,78.1,24.0,False,2021-11-27
P0335,S0582,Pilot,Emissions Cap,49350.76,5,60.8,15.9,False,2024-04-01
P0336,S0203,None,EV Incentive,36300.79,6,73.0,1.8,True,2021-11-21
P0337,S1172,Pilot,EV Incentive,20026.91,4,77.6,11.3,False,2023-03-08
P0338,S0221,Partial,Emissions Cap,12480.92,5,54.5,13.5,False,2021-05-22
P0339,S0867,None,Industrial Retrofit,45686.33,9,67.3,10.6,True,2022-12-24
P0340,S0263,Partial,Industrial Retrofit,32826.87,7,63.5,13.4,True,2024-03-27
P0341,S0296,Partial,Congestion Pricing,48123.87,0,42.5,18.6,False,2021-12-17
P0342,S1020,Partial,Congestion Pricing,35428.0,7,68.9,8.9,True,2023-10-15
P0343,S0292,None,Emissions Cap,79457.5,1,56.4,7.7,False,2024-04-12
P0344,S0684,Partial,EV Incentive,23627.63,1,77.6,3.5,False,2022-12-08
P0345,S0876,Partial,EV Incentive,27579.97,7,55.9,-1.2,True,2022-01-07
P0346,S1055,Pilot,Congestion Pricing,43229.67,1,68.9,8.1,True,2023-03-20
P0347,S1068,Full,Emissions Cap,45152.89,7,66.3,5.9,True,2023-10-11
P0348,S0555,None,Congestion Pricing,32736.88,4,44.3,8.8,False,2021-07-25
P0349,S1158,FULL,Industrial Retrofit,10356.23,8,61.2,6.5,True,2022-06-28
P0350,S0349,Pilot,Emissions Cap,9313.5,8,69.3,3.6,True,2022-01-19
P0351,S0219,Partial,Emissions Cap,21341.96,7,150.0,6.7,False,2021-12-07
P0352,S1023,Partial,Emissions Cap,27257.64,8,65.2,13.1,True,2023-10-30
P0353,S0450,None,Industrial Retrofit,8771.03,6,75.9,6.8,True,2022-05-21
P0354,S0504,Partial,Emissions Cap,26426.29,7,71.4,8.9,True,2022-02-11
P0355,S0086,Partial,Congestion Pricing,39763.8,5,71.8,22.6,True,2022-12-26
P0356,S0523,Partial,Industrial Retrofit,25964.36,8,72.4,16.5,True,2021-09-21
P0357,S1104,None,EV Incentive,32114.92,1,61.7,11.4,True,2021-10-03
P0358,S0461,Pilot,Congestion Pricing,38280.29,2,53.1,11.6,False,2022-09-17
P0359,S1014,Partial,Congestion Pricing,10293.2,1,83.8,5.7,True,2022-05-07
P0360,S0630,None,Congestion Pricing,39797.09,5,74.2,7.5,True,2021-12-20
P0361,S0252,Partial,Industrial Retrofit,17324.55,2,64.2,8.3,True,2021-03-06
P0362,S0018,None,Congestion Pricing,23321.62,0,72.4,10.6,True,2022-09-17
P0363,S1177,Pilot,Industrial Retrofit,18094.17,3,69.8,9.7,True,2023-09-07
P0364,S0500,Full,Emissions Cap,51242.87,4,54.8,3.2,True,2023-10-19
P0365,S0458,Partial,EV Incentive,13313.69,3,60.9,13.6,False,2021-10-10
P0366,S0115,Partial,Emissions Cap,61624.03,5,80.9,6.6,True,2022-12-21
P0367,S0753,Full,Congestion Pricing,112994.75,2,64.9,21.5,True,2023-10-25
P0368,S0769,Partial,Industrial Retrofit,10607.62,9,69.5,17.5,True,2022-05-06
P0369,S0447,Partial,Industrial Retrofit,18927.44,5,80.1,0.0,True,2024-01-24
P0370,S0353,Full,Emissions Cap,38850.21,9,64.9,8.5,True,2023-12-20
P0371,S0625,Partial,Congestion Pricing,14822.92,0,53.8,19.6,True,2021-09-07
P0372,S0541,Partial,EV Incentive,22853.86,5,150.0,14.0,True,2021-11-07
P0373,S0322,FULL,Industrial Retrofit,29897.39,7,58.3,10.5,True,2021-08-05
P0374,S0226,Full,Industrial Retrofit,17541.19,9,48.3,-4.0,True,2021-08-24
P0375,S0361,Pilot,Congestion Pricing,,7,74.6,8.7,True,2023-12-26
P0376,S0834,None,Industrial Retrofit,47535.96,0,150.0,11.3,True,2024-01-23
P0377,S0112,None,Congestion Pricing,25668.27,6,29.2,-2.3,True,2021-03-04
P0378,S0212,None,Congestion Pricing,14426.29,9,68.0,13.7,False,2022-12-14
P0379,S0948,Pilot,EV Incentive,54118.53,9,68.2,5.8,False,2022-11-09
P0380,S0159,Full,Congestion Pricing,61909.0,3,88.4,11.8,False,2022-04-14
P0381,S0572,Partial,Emissions Cap,33561.94,5,65.0,10.8,True,2023-01-29
P0382,S1117,None,EV Incentive,14926.97,5,77.8,8.5,True,2024-02-11
P0383,S0670,Partial,Congestion Pricing,15888.7,4,72.8,14.7,True,2021-07-24
P0384,S1165,Partial,Congestion Pricing,6495.98,9,57.9,11.7,False,2021-05-25
P0385,S0911,Partial,EV Incentive,18858.58,8,69.2,26.3,True,2021-02-10
P0386,S1023,Pilot,Industrial Retrofit,,9,63.0,20.7,True,2022-03-13
P0387,S0404,Full,EV Incentive,17847.51,7,56.7,3.9,True,2022-02-10
P0388,S0404,Pilot,Industrial Retrofit,15160.38,5,58.8,17.1,True,2022-06-01
P0389,S0601,None,EV Incentive,49698.53,3,57.2,5.6,True,2022-08-27
P0390,S0193,Pilot,EV Incentive,53678.5,3,64.9,3.0,True,2023-06-29
P0391,S1123,Partial,Emissions Cap,19502.96,8,64.9,1.1,True,2022-04-16
P0392,S1137,Partial,EV Incentive,,3,58.4,7.9,False,2022-02-01
P0393,S1000,None,Emissions Cap,15984.08,6,62.5,16.0,False,2023-09-20
P0394,S0523,None,Congestion Pricing,21903.92,5,42.5,11.0,True,2023-10-17
P0395,S0350,Partial,Industrial Retrofit,9026.62,1,52.9,13.1,True,2021-10-07
P0396,S0316,Partial,Industrial Retrofit,33391.65,4,150.0,-5.0,True,2022-01-13
P0397,S0943,Pilot,Emissions Cap,25292.21,2,85.1,8.6,True,2023-09-18
P0398,S0913,Full,Industrial Retrofit,17976.91,8,150.0,3.7,True,2021-04-06
P0399,S0652,Full,Industrial Retrofit,25457.92,9,53.3,0.5,True,2022-01-27
P0400,S0635,Pilot,EV Incentive,23646.48,0,84.4,2.8,False,2022-06-23
P0401,S1011,Partial,Emissions Cap,16377.31,9,65.0,10.4,True,2021-08-13
P0402,S0593,None,Industrial Retrofit,34170.93,3,51.4,13.9,True,2021-08-04
P0403,S0444,Partial,Congestion Pricing,22499.1,3,64.1,4.5,True,2022-05-25
P0404,S0621,Pilot,Emissions Cap,24820.66,8,76.8,13.5,True,2023-06-25
P0405,S0756,None,EV Incentive,11199.26,0,51.4,14.9,False,2023-10-06
P0406,S0497,Partial,Congestion Pricing,24950.01,1,52.6,12.0,True,2024-03-21
P0407,S0773,Full,Industrial Retrofit,24158.75,0,86.7,4.9,True,2021-03-30
P0408,S0374,FULL,Industrial Retrofit,16393.36,0,68.6,7.0,True,2021-09-18
P0409,S0184,None,Emissions Cap,37009.36,0,59.3,12.0,True,2023-06-27
P0410,S0032,Pilot,Industrial Retrofit,7595.53,2,63.7,5.7,True,2022-10-11
P0411,S0283,Partial,Emissions Cap,20144.39,3,68.4,13.9,True,2022-01-29
P0411,S0836,Partial,Industrial Retrofit,32401.91,9,62.7,3.4,True,2021-09-04
P0413,S0873,Partial,Congestion Pricing,94760.27,1,81.2,12.3,True,2021-12-03
P0414,S0686,Partial,EV Incentive,11856.08,0,66.2,15.4,False,2022-05-31
P0415,S0462,Partial,Congestion Pricing,28372.52,4,73.0,11.1,True,2021-08-01
P0416,S0871,Partial,EV Incentive,37374.42,5,66.0,4.1,True,2024-03-03
P0417,S0984,Partial,Emissions Cap,27945.42,1,64.6,0.2,False,2021-05-10
P0418,S0368,Partial,Industrial Retrofit,12843.51,2,75.7,3.4,True,2024-03-28
P0419,S0658,Full,Congestion Pricing,20126.58,9,76.0,12.9,False,2023-10-08
P0420,S0166,FULL,Industrial Retrofit,6216.8,2,45.4,8.8,True,2022-05-23
P0421,S1000,Pilot,Emissions Cap,26965.66,1,64.8,6.4,False,2023-06-07
P0422,S0602,None,EV Incentive,11504.16,3,89.6,12.4,True,2023-03-17
P0423,S1127,Full,Congestion Pricing,35362.12,4,59.6,-1.9,False,2021-09-13
P0424,S0594,Pilot,EV Incentive,18177.62,7,70.4,8.4,True,2022-02-11
P0425,S0126,Pilot,EV Incentive,17179.83,5,80.0,3.4,True,2022-09-08
P0426,S0038,Full,Emissions Cap,,8,51.7,1.9,True,2023-02-05
P0427,S0348,FULL,EV Incentive,31449.99,2,60.5,6.9,False,2022-10-14
P0428,S0737,Full,Emissions Cap,45377.45,9,46.1,24.8,True,2022-07-22
P0429,S0734,None,EV Incentive,22998.47,8,66.3,13.8,False,2022-06-16
P0430,S0426,Full,EV Incentive,25248.73,3,150.0,3.2,True,2022-08-21
P0431,S0648,Pilot,Congestion Pricing,11710.08,7,72.7,17.3,True,2022-06-06
P0432,S0286,None,Emissions Cap,64153.87,9,83.9,2.2,True,2022-10-12
P0433,S0320,Pilot,Industrial Retrofit,,6,65.8,19.1,True,2023-12-02
P0434,S0512,FULL,Industrial Retrofit,41560.31,6,51.2,4.7,False,2023-01-30
P0435,S0225,None,Industrial Retrofit,41744.06,8,54.4,10.7,True,2023-05-18
P0436,S0506,Partial,Congestion Pricing,34198.65,9,55.9,22.5,False,2022-12-18
P0437,S1131,Full,Congestion Pricing,23331.64,1,67.5,7.9,True,2023-02-11
P0438,S0742,Pilot,EV Incentive,21641.29,4,93.2,21.0,True,2022-11-26
P0439,S1029,Pilot,EV Incentive,25888.5,2,64.1,9.6,False,2021-02-02
P0440,S0468,Pilot,Industrial Retrofit,8584.1,6,81.5,9.5,True,2024-04-14
P0441,S0938,Full,EV Incentive,26485.18,2,63.6,4.7,True,2021-02-10
P0442,S0765,None,EV Incentive,65607.85,4,51.1,18.5,True,2022-04-20
P0443,S0163,Pilot,Congestion Pricing,23493.74,4,55.2,7.0,True,2021-05-07
P0444,S0653,Pilot,Industrial Retrofit,26379.85,1,56.3,21.4,False,2021-04-27
P0445,S0901,Full,Emissions Cap,14552.67,0,63.5,6.2,False,2023-08-11
P0446,S0808,None,Industrial Retrofit,30073.88,5,69.9,7.3,False,2022-05-27
P0447,S0082,Pilot,Congestion Pricing,16868.76,0,57.1,16.0,False,2023-08-20
P0448,S0481,Pilot,Industrial Retrofit,44797.78,8,74.5,9.3,True,2021-11-24
P0449,S0516,Full,Emissions Cap,53358.95,9,77.6,11.7,True,2021-11-04
P0450,S0187,Pilot,EV Incentive,60825.11,4,61.8,2.1,False,2021-10-29
P0451,S0146,Partial,Industrial Retrofit,11314.88,0,76.0,10.7,True,2023-01-10
P0452,S1006,None,Congestion Pricing,41507.37,7,41.7,12.2,True,2023-09-05
P0453,S0152,Full,Congestion Pricing,39663.79,0,36.7,20.3,False,2022-06-27
P0454,S0093,Partial,Industrial Retrofit,20972.3,3,75.0,7.1,True,2022-04-01
P0455,S1055,Partial,EV Incentive,55028.5,6,59.9,12.0,True,2024-03-14
P0456,S0540,Pilot,EV Incentive,34498.37,3,91.4,17.3,False,2021-05-21
P0457,S0649,Pilot,Congestion Pricing,61320.5,4,63.9,10.3,True,2022-08-07
P0458,S0602,Pilot,Congestion Pricing,12574.52,6,53.0,16.5,False,2022-05-06
P0458,S0049,Partial,Emissions Cap,17528.21,3,85.2,25.0,True,2021-04-28
P0460,S0541,Full,EV Incentive,28459.41,4,72.9,10.2,True,2021-11-18
P0461,S0156,Pilot,Industrial Retrofit,54369.27,6,83.6,17.9,True,2021-02-04
P0462,S0775,Full,Congestion Pricing,35343.85,0,58.0,13.1,False,2023-11-19
P0463,S0546,None,Congestion Pricing,15229.62,2,69.4,15.1,True,2022-12-31
P0464,S0650,Full,Congestion Pricing,78104.69,0,54.5,14.2,True,2023-09-06
P0465,S1001,FULL,Congestion Pricing,22542.91,2,44.0,16.4,True,2022-09-18
P0466,S1081,Pilot,EV Incentive,15524.88,1,73.9,16.0,True,2022-12-21
P0467,S0175,Pilot,Congestion Pricing,16897.85,4,59.5,9.6,True,2023-04-22
P0468,S0027,Partial,EV Incentive,12096.31,9,53.1,6.7,True,2023-12-26
P0469,S1143,Partial,Emissions Cap,6985.68,4,48.3,12.6,True,2021-04-21
P0470,S0147,Pilot,Emissions Cap,25085.47,9,67.2,1.3,True,2022-02-02
P0471,S0868,Partial,Industrial Retrofit,10585.47,8,65.8,13.7,True,2023-05-01
P0472,S0265,None,Congestion Pricing,,7,59.2,14.5,True,2024-02-25
P0473,S0258,Pilot,Industrial Retrofit,48560.69,2,56.9,8.9,True,2024-03-22
P0474,S0827,Pilot,EV Incentive,33724.24,0,74.2,10.3,True,2023-02-05
P0475,S0743,Partial,Industrial Retrofit,27622.68,4,35.2,15.5,True,2021-08-21
P0476,S0710,Partial,Industrial Retrofit,10673.15,2,72.6,14.5,False,2021-05-24
P0477,S1094,Partial,Congestion Pricing,44695.57,4,70.6,15.6,True,2024-02-10
P0478,S1049,Partial,EV Incentive,86503.34,8,50.2,14.7,True,2022-06-05
P0479,S1180,Pilot,EV Incentive,62627.61,0,41.8,10.6,True,2021-08-22
P0480,S0219,Partial,Congestion Pricing,12108.69,0,72.1,9.9,False,2024-01-26
P0481,S0561,None,EV Incentive,25673.63,8,50.9,12.5,False,2021-05-06
P0482,S0892,Partial,Emissions Cap,22705.49,2,83.9,18.7,True,2023-05-26
P0483,S1064,None,Congestion Pricing,21187.74,9,90.4,11.6,False,2023-01-21
P0484,S0597,Partial,Congestion Pricing,27343.85,4,70.1,17.8,True,2021-04-16
P0485,S0343,Partial,Congestion Pricing,98621.97,8,63.8,-2.2,True,2022-02-11
P0486,S0503,Pilot,Emissions Cap,28693.17,4,62.4,11.9,True,2021-06-29
P0487,S0450,Partial,EV Incentive,20607.17,2,44.5,10.5,True,2022-12-27
P0488,S0336,None,Emissions Cap,32168.47,8,61.6,0.0,True,2022-07-27
P0489,S0004,Pilot,Emissions Cap,12234.51,6,59.5,0.9,True,2021-01-06
P0490,S0759,Partial,Emissions Cap,17506.97,6,57.4,12.8,True,2024-03-16
P0491,S0517,Full,Industrial Retrofit,48617.52,7,69.7,10.6,False,2022-02-24
P0492,S1174,Pilot,EV Incentive,30121.86,4,66.6,14.7,True,2021-11-06
P0493,S0238,Pilot,EV Incentive,94943.58,1,74.4,-5.0,True,2021-09-24
P0494,S0103,Partial,Congestion Pricing,31590.39,8,59.7,16.4,True,2021-07-10
P0495,S1199,Partial,Congestion Pricing,12740.04,2,72.2,16.5,True,2024-04-13
P0496,S1010,Pilot,Industrial Retrofit,,1,65.1,1.7,True,2021-12-21
P0497,S1058,Full,Emissions Cap,49069.22,9,72.2,18.4,True,2022-05-02
P0498,S0518,Partial,Congestion Pricing,14401.45,9,64.1,20.7,True,2023-11-12
P0499,S0440,None,EV Incentive,13647.69,4,86.3,2.0,True,2023-02-10
P0500,S0225,Pilot,Congestion Pricing,,7,35.7,10.6,False,2022-03-19
P0501,S0565,Pilot,Emissions Cap,48910.87,2,72.5,11.2,True,2023-12-14
P0502,S1083,Partial,Industrial Retrofit,21576.62,5,75.3,-0.8,True,2023-06-19
P0503,S0246,Pilot,Emissions Cap,16236.76,8,49.8,8.0,True,2021-10-01
P0504,S0928,Full,Congestion Pricing,55690.47,1,86.9,18.4,False,2023-02-12
P0505,S0953,Pilot,Industrial Retrofit,50270.31,7,65.3,4.8,True,2024-01-12
P0506,S0819,Partial,Industrial Retrofit,73147.97,9,63.5,21.0,True,2022-08-19
P0507,S0216,FULL,Emissions Cap,60524.19,6,69.5,12.2,True,2023-05-31
P0508,S0283,Full,Congestion Pricing,50784.66,2,75.7,5.3,True,2024-03-11
P0509,S0573,Partial,Emissions Cap,17141.45,0,66.6,10.3,True,2023-04-09
P0510,S0382,None,Congestion Pricing,,5,66.2,1.2,True,2021-05-03
P0511,S1069,Full,Congestion Pricing,55758.28,1,75.1,12.6,True,2021-10-21
P0512,S0172,Pilot,EV Incentive,81918.4,2,76.6,8.8,True,2022-12-16
P0513,S1119,Partial,Industrial Retrofit,29812.25,4,69.0,7.4,True,2021-11-27
P0514,S0044,Full,Congestion Pricing,20026.75,7,46.4,1.3,False,2024-02-24
P0515,S0228,Partial,Emissions Cap,15827.77,1,52.8,9.5,True,2022-05-02
P0516,S0574,Full,Emissions Cap,48419.51,5,78.0,11.2,False,2022-07-03
P0517,S0317,Full,EV Incentive,18033.05,0,61.7,1.8,True,2023-04-22
P0518,S0731,FULL,EV Incentive,28691.21,6,57.8,16.5,True,2022-09-22
P0519,S0601,None,EV Incentive,15864.52,3,70.3,11.7,True,2022-04-04
P0520,S0624,Pilot,Industrial Retrofit,24456.39,0,68.8,4.9,True,2021-04-02
P0521,S0467,Partial,EV Incentive,35010.09,8,62.4,9.4,True,2022-12-17
P0522,S0297,Partial,Industrial Retrofit,31620.17,8,73.9,15.0,False,2023-11-08
P0523,S0545,Partial,EV Incentive,41888.61,2,49.8,18.2,True,2023-04-03
P0524,S0489,None,Industrial Retrofit,11796.34,5,44.2,19.5,False,2022-04-03
P0525,S1020,Full,Congestion Pricing,25086.22,6,83.0,20.8,True,2021-06-03
P0526,S0215,Full,EV Incentive,20289.92,3,51.5,2.0,True,2023-09-07
P0527,S1026,Pilot,Industrial Retrofit,14921.95,5,47.3,5.7,False,2024-02-05
P0528,S0661,Pilot,Congestion Pricing,17159.23,8,61.1,1.6,True,2022-04-11
P0529,S0654,None,EV Incentive,15733.55,9,64.6,16.5,True,2023-05-25
P0530,S0802,FULL,Congestion Pricing,33188.49,5,59.3,9.0,True,2022-05-08
P0531,S0341,Partial,EV Incentive,34203.5,6,62.3,17.6,True,2022-08-26
P0532,S0704,Full,Emissions Cap,45495.77,5,47.9,1.5,False,2023-10-01
P0533,S0407,None,Industrial Retrofit,32755.88,6,73.6,5.9,True,2021-04-11
P0534,S0853,Partial,Emissions Cap,29592.68,0,46.6,5.2,True,2022-09-29
P0535,S0306,Partial,Industrial Retrofit,,5,65.3,17.4,False,2021-09-15
P0536,S0874,Pilot,Emissions Cap,40351.94,8,67.8,14.2,False,2022-02-12
P0537,S0495,Partial,EV Incentive,7599.87,2,72.8,-2.2,True,2023-02-13
P0538,S0578,Partial,Emissions Cap,25965.43,5,150.0,7.2,True,2021-02-02
P0539,S0541,Full,EV Incentive,,3,51.9,15.8,True,2022-12-14
P0540,S0768,Pilot,Industrial Retrofit,78729.91,6,60.1,16.7,True,2021-12-07
P0541,S0896,Partial,EV Incentive,13808.71,6,56.6,12.5,True,2023-03-15
P0542,S0455,Pilot,Emissions Cap,13519.44,8,46.1,11.1,True,2021-06-19
P0543,S1168,Pilot,Congestion Pricing,6887.21,3,70.2,4.4,True,2023-06-02
P0544,S0299,None,Industrial Retrofit,11678.81,7,55.9,16.4,True,2023-02-14
P0545,S0427,Pilot,Congestion Pricing,24568.42,7,66.8,2.8,True,2024-03-11
P0546,S0716,None,Congestion Pricing,17423.59,7,63.7,0.3,True,2023-12-30
P0547,S0757,Pilot,Congestion Pricing,17201.83,7,51.4,11.2,True,2021-12-06
P0548,S0031,Partial,Congestion Pricing,27275.86,5,50.6,7.3,True,2021-02-02
P0549,S0332,Partial,Congestion Pricing,38153.91,7,61.0,14.3,True,2023-02-26
P0550,S0052,None,Emissions Cap,27105.8,5,49.2,12.9,True,2022-12-25
P0551,S0243,Pilot,EV Incentive,27337.62,9,76.9,20.2,True,2021-02-02
P0552,S0775,Partial,EV Incentive,34274.8,1,81.1,12.4,True,2021-05-28
P0553,S0686,Pilot,Congestion Pricing,8958.65,2,74.4,16.4,True,2022-12-03
P0554,S0573,Pilot,Emissions Cap,,5,69.2,4.9,False,2023-12-31
P0555,S0872,Partial,Congestion Pricing,25720.42,6,65.7,14.3,False,2023-12-24
P0556,S0700,None,Congestion Pricing,26788.82,3,52.4,8.3,True,2021-07-01
P0557,S0519,Pilot,Industrial Retrofit,18950.09,0,74.9,7.0,True,2022-04-07
P0558,S0595,None,Emissions Cap,23782.76,3,81.5,4.6,False,2021-02-21
P0559,S0283,None,Congestion Pricing,34255.0,5,60.9,19.3,False,2022-07-18
P0560,S1181,Full,EV Incentive,70645.43,7,64.6,10.0,False,2023-06-23
P0561,S0599,Pilot,Industrial Retrofit,9751.51,3,55.3,5.3,True,2023-08-06
P0562,S0148,FULL,Congestion Pricing,37913.8,9,61.0,14.1,False,2022-08-22
P0563,S0070,Partial,Congestion Pricing,55866.38,0,49.9,7.4,True,2021-04-26
P0564,S0234,None,Congestion Pricing,12552.36,4,61.5,5.2,True,2022-04-03
P0565,S0679,Pilot,Emissions Cap,24157.56,6,70.2,27.4,True,2024-01-24
P0566,S0636,Full,Congestion Pricing,,5,68.9,2.7,True,2021-10-03
P0567,S0467,Full,EV Incentive,89802.48,2,68.0,21.2,True,2022-01-19
P0568,S0557,Pilot,Industrial Retrofit,99111.09,6,35.7,5.1,True,2023-06-16
P0569,S0894,Pilot,Emissions Cap,12551.28,3,65.6,13.8,False,2023-05-31
P0570,S0836,Partial,Industrial Retrofit,22441.35,4,72.4,9.4,True,2023-12-31
P0571,S0618,Pilot,EV Incentive,30324.0,6,64.9,14.4,False,2022-04-11
P0572,S0134,None,Congestion Pricing,37566.68,1,78.6,1.7,True,2022-09-10
P0573,S0008,Pilot,Emissions Cap,30347.78,3,150.0,1.0,True,2022-07-15
P0574,S0028,Pilot,Congestion Pricing,15231.66,3,69.8,14.6,True,2024-01-19
P0575,S0783,None,Emissions Cap,14833.06,5,53.0,-0.7,True,2023-07-13
P0576,S0541,Pilot,Congestion Pricing,10670.62,6,72.0,3.0,False,2023-09-25
P0577,S0627,Partial,EV Incentive,8003.57,3,74.4,9.5,True,2021-06-09
P0578,S1058,Partial,EV Incentive,10525.63,9,56.4,2.2,True,2023-08-09
P0579,S0007,None,Congestion Pricing,54009.39,0,47.8,3.0,False,2022-06-04
P0580,S0040,Pilot,EV Incentive,41198.91,0,59.6,7.5,True,2021-01-29
P0581,S0909,Partial,Congestion Pricing,37495.15,4,53.0,-3.1,True,2021-03-14
P0582,S0062,None,Emissions Cap,23537.99,0,72.2,1.6,True,2023-03-25
P0583,S1110,None,EV Incentive,26241.46,2,59.1,18.0,True,2022-03-23
P0584,S1140,Pilot,Emissions Cap,22897.47,8,73.6,15.7,True,2023-11-08
P0585,S0379,None,Congestion Pricing,10382.1,2,46.2,23.6,True,2023-06-01
P0586,S0322,Full,Emissions Cap,39680.38,2,55.1,13.6,True,2021-01-27
P0587,S0733,FULL,Industrial Retrofit,44873.71,8,55.8,17.8,True,2023-04-05
P0588,S0839,Pilot,Congestion Pricing,13491.32,4,68.3,7.5,False,2021-08-19
P0589,S0419,Partial,EV Incentive,13483.9,7,40.1,8.9,False,2022-05-23
P0590,S0020,Pilot,EV Incentive,33225.08,9,61.7,12.5,True,2023-01-20
P0591,S0412,None,Industrial Retrofit,,8,60.6,-1.4,True,2023-11-14
P0592,S0549,Pilot,Congestion Pricing,41756.3,5,69.3,13.3,True,2022-07-02
P0593,S0605,Partial,Congestion Pricing,62827.23,6,65.6,6.3,True,2023-08-29
P0594,S0357,None,Congestion Pricing,14260.57,6,53.5,7.3,True,2023-07-29
P0595,S0201,Pilot,Congestion Pricing,25611.67,6,37.9,16.0,False,2022-05-13
P0596,S1072,Pilot,Emissions Cap,14760.18,3,55.8,0.7,False,2022-08-25
P0597,S0765,Pilot,Congestion Pricing,,1,49.8,10.3,True,2023-04-21
P0598,S0231,Partial,Emissions Cap,,1,50.5,12.7,True,2021-02-07
P0599,S1119,Full,Emissions Cap,63845.0,6,56.2,6.8,True,2023-12-05
P0600,S0303,Partial,EV Incentive,52202.78,9,74.8,10.2,False,2023-07-13
P0601,S0387,Partial,Congestion Pricing,25722.1,6,49.8,10.5,False,2021-10-27
P0602,S0715,Full,Emissions Cap,7378.6,9,150.0,15.4,True,2024-03-23
P0603,S0925,None,Congestion Pricing,34052.78,6,58.0,8.9,True,2021-08-04
P0604,S1115,None,Industrial Retrofit,33583.94,7,61.7,2.5,True,2024-01-02
P0605,S0058,Pilot,Emissions Cap,15364.94,2,60.9,6.5,True,2022-01-25
P0606,S0434,Pilot,EV Incentive,44285.73,4,57.1,7.9,True,2023-07-05
P0607,S0522,Pilot,Congestion Pricing,,5,62.1,5.2,True,2022-07-02
P0608,S0768,Pilot,EV Incentive,44207.22,7,67.6,11.1,True,2023-06-03
P0609,S0829,None,Emissions Cap,31089.93,7,54.5,10.8,True,2021-07-06
P0610,S0483,Partial,Emissions Cap,11204.95,9,77.0,10.5,True,2021-11-20
P0611,S0367,Full,EV Incentive,21657.65,2,62.8,4.6,True,2021-04-30
P0612,S0889,Pilot,Congestion Pricing,29342.46,3,76.8,10.8,True,2023-11-05
P0613,S0883,None,Emissions Cap,32212.01,5,68.2,17.7,True,2021-12-22
P0614,S0411,Partial,Industrial Retrofit,50006.4,3,49.9,11.8,False,2023-04-14
P0615,S0183,Pilot,EV Incentive,53888.07,9,41.5,16.4,True,2023-09-12
P0616,S1147,Pilot,Emissions Cap,23314.37,3,77.8,10.7,True,2023-12-18
P0617,S0158,Pilot,Congestion Pricing,37631.36,4,54.1,6.2,True,2021-05-08
P0618,S0013,Partial,Emissions Cap,70598.32,9,63.8,15.2,True,2023-12-08
P0619,S0566,Full,Congestion Pricing,14600.36,6,57.8,1.6,True,2021-08-25
P0620,S0872,Partial,Congestion Pricing,18680.28,1,81.1,6.7,True,2023-06-04
P0621,S0555,Pilot,Emissions Cap,,1,64.1,9.2,False,2023-05-25
P0622,S0678,Pilot,Industrial Retrofit,18419.05,9,48.4,13.9,True,2021-01-11
P0623,S0863,None,Congestion Pricing,30438.66,8,61.8,17.6,False,2021-09-22
P0624,S0618,Full,EV Incentive,7557.62,3,78.5,15.1,True,2022-08-14
P0625,S0204,Partial,Congestion Pricing,34969.34,4,54.6,14.5,True,2022-05-20
P0626,S0957,None,Congestion Pricing,20263.84,2,46.3,15.2,True,2024-01-08
P0627,S0302,Partial,Industrial Retrofit,25910.3,1,73.8,16.0,False,2022-03-08
P0628,S1067,Pilot,Congestion Pricing,13342.06,9,53.3,3.2,False,2024-01-30
P0629,S0795,Full,Emissions Cap,25302.12,7,44.6,23.2,False,2022-07-06
P0630,S0597,Full,Industrial Retrofit,73682.44,3,53.7,16.7,True,2024-03-03
P0631,S0729,None,Congestion Pricing,21165.28,0,67.7,8.9,True,2023-06-04
P0632,S0506,Partial,Emissions Cap,7131.22,5,69.6,12.2,True,2023-09-23
P0633,S0639,Pilot,Emissions Cap,55729.41,5,69.1,2.1,True,2021-05-06
P0634,S0191,None,Congestion Pricing,37252.29,1,52.1,8.4,True,2022-12-05
P0635,S0899,Partial,EV Incentive,28464.86,1,75.2,7.9,True,2021-06-21
P0636,S0060,Partial,EV Incentive,37829.0,7,73.2,7.5,True,2021-12-24
P0637,S0062,None,Congestion Pricing,28268.68,6,70.2,14.9,True,2023-01-19
P0638,S0302,Partial,Congestion Pricing,72110.85,1,51.7,10.6,True,2023-05-22
P0639,S0638,Partial,Emissions Cap,42243.24,9,57.2,2.8,False,2021-02-17
P0640,S0999,None,Congestion Pricing,20458.32,0,68.4,2.9,True,2022-09-30
P0641,S0172,Pilot,Congestion Pricing,65852.52,7,71.6,-1.8,True,2022-11-10
P0642,S0063,Partial,Emissions Cap,80176.92,9,52.5,15.3,True,2021-04-05
P0643,S0772,None,Congestion Pricing,46454.02,1,85.6,8.7,True,2022-08-24
P0644,S0016,Full,Congestion Pricing,34343.15,4,63.0,14.5,True,2023-05-07
P0644,S0691,None,Congestion Pricing,16115.58,5,76.0,28.8,False,2021-03-05
P0646,S0842,None,Emissions Cap,40594.81,9,49.7,4.6,True,2023-07-02
P0647,S1125,None,Congestion Pricing,33955.83,0,67.1,12.0,True,2022-11-23
P0648,S1200,Partial,EV Incentive,26474.0,1,49.4,18.7,True,2023-09-27
P0649,S0899,Partial,Congestion Pricing,40927.64,9,150.0,7.1,True,2021-09-19
P0650,S0933,Pilot,EV Incentive,28345.81,3,70.2,8.0,True,2023-09-27
P0651,S0175,Pilot,Congestion Pricing,37394.16,1,70.9,13.2,True,2021-04-24
P0652,S0417,Full,Emissions Cap,,5,55.8,25.3,True,2022-04-30
P0653,S0451,None,EV Incentive,12104.63,3,42.8,13.8,False,2021-08-28
P0654,S0836,Pilot,Congestion Pricing,14547.8,2,68.5,4.9,True,2023-11-18
P0655,S0280,FULL,Congestion Pricing,15563.24,5,59.9,5.7,True,2023-04-26
P0656,S0244,None,Congestion Pricing,86163.82,8,59.9,7.1,True,2021-01-31
P0657,S0675,Pilot,Congestion Pricing,39343.45,7,53.6,-0.9,True,2021-01-12
P0658,S0146,None,Emissions Cap,41604.83,1,64.0,9.0,True,2021-12-16
P0659,S1091,Pilot,Industrial Retrofit,52979.63,2,64.6,10.0,False,2021-06-21
P0660,S0103,Full,EV Incentive,14357.21,1,77.3,10.3,False,2023-01-27
P0661,S0310,None,Congestion Pricing,7919.09,9,40.4,1.3,True,2023-03-08
P0662,S0117,Partial,Emissions Cap,25907.37,6,48.8,12.1,True,2024-02-05
P0663,S0763,Partial,Industrial Retrofit,46098.85,8,70.2,4.1,False,2024-02-17
P0664,S0738,Pilot,Emissions Cap,23895.47,0,38.2,8.6,False,2023-03-02
P0665,S0187,Partial,Congestion Pricing,,2,56.0,5.5,True,2021-01-07
P0666,S0785,Pilot,Industrial Retrofit,15628.69,5,93.1,16.9,True,2022-03-07
P0667,S0707,FULL,EV Incentive,13259.18,3,61.3,5.9,False,2022-09-08
P0668,S0876,Full,EV Incentive,18630.99,9,73.0,18.1,True,2022-08-23
P0669,S0796,Partial,Emissions Cap,13418.26,9,44.5,10.8,True,2022-12-26
P0670,S0473,Full,EV Incentive,29379.94,0,73.0,12.5,True,2024-02-27
P0671,S0556,Full,EV Incentive,19369.43,8,60.1,10.5,False,2023-11-29
P0672,S0682,None,Industrial Retrofit,39342.45,6,68.1,4.9,True,2021-05-11
P0673,S0094,Pilot,EV Incentive,14974.64,6,71.3,12.4,True,2021-11-16
P0674,S0736,None,Industrial Retrofit,31357.48,0,150.0,7.4,True,2023-09-27
P0675,S0790,Full,Industrial Retrofit,26303.06,8,70.5,11.9,False,2023-09-17
P0676,S0038,Full,Industrial Retrofit,34119.26,7,51.2,13.6,True,2021-11-27
P0677,S0782,Partial,EV Incentive,,9,65.3,21.4,False,2023-05-27
P0678,S0482,None,Emissions Cap,39584.26,4,70.9,12.8,False,2023-03-18
P0679,S0111,None,Emissions Cap,44287.35,3,58.2,15.7,True,2022-07-23
P0680,S0410,Full,EV Incentive,37248.79,0,53.1,14.0,True,2021-08-30
P0681,S1192,Full,Industrial Retrofit,32167.75,8,59.2,8.7,True,2023-12-03
P0682,S0397,None,EV Incentive,18033.13,7,77.7,14.1,False,2023-03-25
P0683,S1151,None,Congestion Pricing,44821.46,1,75.9,9.3,True,2021-07-22
P0684,S0042,Pilot,Emissions Cap,17709.73,3,73.8,7.5,True,2023-04-26
P0685,S0041,None,Industrial Retrofit,22580.73,3,83.1,3.5,True,2023-06-09
P0686,S0399,Full,EV Incentive,16042.68,6,65.1,13.9,True,2023-12-01
P0687,S0182,Pilot,Industrial Retrofit,15843.45,2,67.1,6.6,True,2021-09-25
P0688,S0744,Partial,Congestion Pricing,22243.37,7,41.1,13.8,True,2024-04-01
P0689,S0718,Pilot,Industrial Retrofit,23392.78,6,54.1,10.0,True,2021-07-04
P0690,S0464,Pilot,Congestion Pricing,16512.4,9,150.0,8.3,False,2022-12-22
P0691,S1074,Pilot,Emissions Cap,27260.06,3,75.4,4.8,True,2023-02-28
P0692,S1170,Partial,Industrial Retrofit,29556.42,8,49.5,17.8,True,2022-05-18
P0693,S0298,Partial,EV Incentive,19400.86,5,63.9,7.6,False,2022-07-25
P0694,S0145,Pilot,Industrial Retrofit,106274.8,2,90.9,19.5,True,2023-12-06
P0695,S0016,Pilot,Industrial Retrofit,32847.11,6,63.9,5.1,True,2023-02-14
P0696,S1109,None,Congestion Pricing,28881.57,5,82.3,19.0,False,2022-08-20
P0697,S1076,None,Congestion Pricing,17933.51,7,69.2,10.5,False,2021-06-04
P0698,S0107,Partial,EV Incentive,29222.82,4,71.7,15.2,True,2021-01-09
P0699,S0219,Partial,Emissions Cap,31085.03,5,54.1,2.2,False,2021-05-30
P0700,S0935,Pilot,Emissions Cap,26847.16,0,45.7,2.2,True,2024-02-22
P0701,S0337,Full,Congestion Pricing,63018.94,7,73.7,11.5,True,2023-07-06
P0702,S0921,Partial,EV Incentive,9692.59,0,68.7,3.9,False,2024-03-06
P0703,S0371,Pilot,Industrial Retrofit,21413.41,2,65.7,18.0,True,2021-02-12
P0704,S0998,None,EV Incentive,41286.93,1,49.1,12.2,True,2023-03-28
P0705,S0810,Full,EV Incentive,15709.21,5,60.7,6.1,True,2021-02-23
P0706,S0254,Partial,EV Incentive,10635.96,7,57.6,4.5,True,2023-07-28
P0707,S0580,None,Emissions Cap,19705.76,7,58.8,8.3,True,2022-04-03
P0708,S0636,Partial,Industrial Retrofit,50330.26,6,67.7,6.6,True,2021-04-25
P0709,S1054,Pilot,EV Incentive,15934.22,6,73.5,13.0,True,2022-11-13
P0710,S0185,Full,Emissions Cap,21723.37,7,68.4,9.5,True,2021-12-03
P0711,S0474,Full,Emissions Cap,34644.33,4,67.3,17.0,True,2023-03-03
P0712,S0985,Partial,Congestion Pricing,,2,66.4,13.8,True,2023-03-01
P0713,S0984,Partial,Industrial Retrofit,20661.54,1,62.9,4.8,True,2023-04-27
P0714,S1157,None,EV Incentive,,2,55.0,7.4,False,2024-04-05
P0715,S0502,Partial,Industrial Retrofit,19136.11,2,65.6,4.8,True,2022-04-10
P0716,S0874,Partial,Congestion Pricing,,6,74.0,4.8,True,2022-07-13
P0717,S1101,Pilot,Congestion Pricing,23054.81,0,63.6,-0.8,True,2023-08-24
P0718,S0350,Partial,EV Incentive,50946.96,6,54.0,15.6,True,2022-11-26
P0719,S0060,Full,Emissions Cap,69541.96,5,50.7,17.8,True,2021-02-14
P0720,S0879,None,Congestion Pricing,56947.73,9,53.6,4.1,True,2023-10-09
P0721,S0465,None,Emissions Cap,29220.25,1,150.0,3.5,True,2021-03-03
P0722,S0311,FULL,Congestion Pricing,72788.27,9,99.7,13.4,True,2021-07-24
P0723,S1115,FULL,Industrial Retrofit,107121.14,0,54.5,5.1,True,2021-05-03
P0724,S0931,Full,EV Incentive,29994.42,8,64.5,17.6,True,2021-04-04
P0725,S0965,Partial,Congestion Pricing,14848.61,1,64.0,5.7,True,2021-01-31
P0726,S0280,Full,Industrial Retrofit,59110.39,3,82.0,-2.8,False,2021-03-08
P0727,S0711,Partial,Congestion Pricing,13067.83,8,70.2,9.2,False,2022-06-15
P0728,S0967,None,EV Incentive,15805.21,8,150.0,6.4,True,2021-10-31
P0729,S1142,Partial,Industrial Retrofit,7711.59,0,67.1,10.9,False,2021-06-01
P0730,S0695,None,Emissions Cap,41624.66,1,68.3,7.9,True,2023-03-02
P0731,S0910,Pilot,Congestion Pricing,6705.84,1,68.9,13.5,True,2021-09-29
P0732,S0567,Pilot,Congestion Pricing,48810.98,1,57.5,12.5,True,2021-01-23
P0733,S0271,Pilot,Industrial Retrofit,79671.36,7,54.0,12.0,True,2022-05-18
P0734,S1125,Pilot,EV Incentive,75861.58,7,65.7,11.1,True,2022-01-08
P0734,S0980,None,Congestion Pricing,12588.1,9,150.0,10.0,True,2022-01-18
P0736,S1077,Pilot,Industrial Retrofit,8793.62,7,67.2,1.6,False,2022-06-19
P0737,S0841,None,EV Incentive,18297.3,3,52.0,12.3,False,2023-03-14
P0738,S1004,Pilot,Congestion Pricing,45593.27,7,47.3,14.4,False,2023-01-10
P0739,S0240,Partial,Industrial Retrofit,55396.58,6,49.6,12.1,False,2024-01-30
P0740,S0361,Full,EV Incentive,40082.68,7,64.1,8.8,False,2022-09-14
P0741,S0734,Full,Congestion Pricing,36930.87,0,45.6,13.5,True,2022-07-22
P0742,S0852,Pilot,Congestion Pricing,110924.27,2,88.4,11.4,True,2021-09-14
P0743,S0860,Partial,EV Incentive,20194.66,9,88.4,14.3,True,2023-06-26
P0744,S0701,Pilot,EV Incentive,16868.7,5,75.6,9.5,True,2021-06-18
P0745,S0836,None,Industrial Retrofit,13180.87,0,60.6,1.4,True,2022-08-13
P0746,S0823,Partial,Congestion Pricing,34883.86,3,59.2,8.9,False,2022-05-21
P0747,S0097,Partial,Congestion Pricing,24155.55,8,68.6,4.3,False,2023-03-01
P0748,S0327,Full,Industrial Retrofit,44134.07,6,72.2,7.2,True,2024-01-07
P0749,S0073,Partial,Congestion Pricing,20530.57,0,68.6,10.5,True,2024-02-10
P0750,S0994,None,Congestion Pricing,39232.83,5,49.3,15.9,False,2021-07-21
P0751,S1194,Full,Congestion Pricing,21368.78,5,62.7,14.0,True,2021-11-11
P0752,S0994,Partial,Emissions Cap,24400.94,1,71.4,11.3,True,2023-09-01
P0753,S0333,Full,EV Incentive,25827.78,5,36.7,17.5,False,2022-09-14
P0754,S1181,Partial,Emissions Cap,9699.4,9,51.7,10.3,False,2022-06-28
P0755,S0458,Pilot,Emissions Cap,24735.86,1,71.3,11.2,True,2023-05-03
P0756,S0734,None,EV Incentive,,7,61.3,7.7,False,2022-12-24
P0757,S0876,None,Emissions Cap,14870.48,6,61.3,3.6,True,2024-03-10
P0758,S0858,None,Industrial Retrofit,84632.5,5,78.3,13.3,True,2022-12-02
P0759,S0099,Pilot,Emissions Cap,26982.17,9,64.4,0.6,True,2022-07-14
P0760,S0732,Pilot,Industrial Retrofit,18470.29,5,59.3,4.4,True,2022-10-14
P0761,S0925,Full,EV Incentive,18135.88,8,61.3,11.1,True,2023-08-29
P0762,S0244,Full,Congestion Pricing,61224.76,8,61.7,4.9,False,2023-01-06
P0763,S0662,Partial,EV Incentive,16401.3,9,150.0,10.1,True,2023-02-16
P0764,S1006,None,EV Incentive,32172.21,9,62.3,10.9,True,2024-03-11
P0765,S0367,Pilot,Emissions Cap,45698.54,1,51.3,6.6,True,2023-01-13
P0766,S1179,Partial,EV Incentive,,2,61.0,10.3,True,2022-04-02
P0767,S0499,None,EV Incentive,19194.78,9,58.8,10.3,False,2023-04-10
P0768,S0113,Full,Industrial Retrofit,44512.84,6,67.8,3.2,True,2023-03-03
P0769,S0945,Full,Congestion Pricing,29538.98,9,83.2,13.3,True,2021-01-17
P0770,S1048,Pilot,Emissions Cap,9585.77,8,68.1,-2.2,True,2022-07-15
P0771,S0283,Partial,Congestion Pricing,56047.75,5,66.2,21.3,False,2023-06-11
P0772,S0401,None,Congestion Pricing,18617.34,0,67.8,13.2,True,2022-08-22
P0773,S0568,FULL,Congestion Pricing,24212.83,6,54.6,16.1,True,2023-07-25
P0774,S1078,None,Emissions Cap,32392.4,0,73.4,14.0,False,2022-06-26
P0775,S0714,None,EV Incentive,19552.63,4,150.0,9.7,True,2024-03-25
P0776,S0422,Partial,Congestion Pricing,42367.83,8,64.5,5.4,True,2021-12-18
P0777,S0849,Partial,Emissions Cap,13872.94,9,69.3,9.9,False,2021-04-21
P0778,S0475,Partial,EV Incentive,19060.47,9,68.9,15.0,True,2022-06-01
P0779,S0405,Pilot,Congestion Pricing,56130.46,8,69.0,5.1,False,2022-10-13
P0780,S0036,Partial,Industrial Retrofit,,0,76.9,10.9,True,2022-02-23
P0781,S0358,Partial,Emissions Cap,14269.95,5,55.9,-0.9,True,2021-10-18
P0782,S0558,FULL,Congestion Pricing,28204.5,2,80.7,5.1,True,2023-03-18
P0783,S1068,Full,Emissions Cap,34234.61,8,45.8,4.8,False,2022-03-29
P0784,S0320,Partial,Industrial Retrofit,10387.81,2,72.9,20.1,False,2023-01-28
P0785,S0738,Partial,Emissions Cap,72589.14,1,67.0,2.0,True,2023-07-24
P0786,S0658,Partial,EV Incentive,78719.18,7,53.4,12.4,True,2023-07-03
P0787,S0472,None,Congestion Pricing,28911.67,2,77.3,19.6,True,2022-03-27
P0788,S0525,None,Emissions Cap,23859.82,4,43.2,16.0,True,2022-11-13
P0789,S0025,Full,Emissions Cap,27276.11,5,84.5,19.1,True,2022-06-24
P0790,S0640,Full,Congestion Pricing,45973.97,9,92.1,20.0,False,2023-11-11
P0791,S1181,Partial,Industrial Retrofit,35297.44,9,63.0,10.3,False,2023-11-21
P0792,S0876,Pilot,Industrial Retrofit,31055.68,0,52.7,12.9,False,2022-02-17
P0793,S0174,None,Congestion Pricing,61660.45,6,58.1,11.2,True,2021-04-21
P0794,S0186,Pilot,Congestion Pricing,53027.36,6,76.7,12.9,False,2021-07-21
P0795,S1001,Pilot,EV Incentive,15124.21,4,61.1,12.5,False,2022-03-17
P0796,S0528,Pilot,Emissions Cap,45818.24,8,29.8,20.3,True,2022-11-09
P0797,S0972,Full,Emissions Cap,53689.48,1,69.6,11.8,True,2023-02-28
P0798,S0684,None,Industrial Retrofit,31791.55,4,75.7,4.3,True,2022-02-02
P0799,S0186,Partial,EV Incentive,38538.77,1,71.2,13.6,True,2023-03-12
P0800,S0575,FULL,Emissions Cap,22371.37,1,73.1,14.4,False,2024-01-31
P0801,S0309,Full,EV Incentive,13060.5,8,84.3,5.1,True,2023-02-22
P0802,S0538,Full,Congestion Pricing,83480.4,6,62.5,4.8,False,2021-07-10
P0803,S0858,Pilot,Emissions Cap,,3,85.6,15.7,True,2022-11-27
P0804,S0193,Full,Congestion Pricing,73773.53,7,63.1,6.8,False,2022-10-13
P0805,S1187,Partial,Industrial Retrofit,25870.29,3,78.5,7.5,False,2023-11-11
P0806,S0053,FULL,Industrial Retrofit,56866.62,0,63.3,7.2,True,2022-02-25
P0807,S0475,Partial,Congestion Pricing,27275.65,9,89.5,11.5,False,2022-05-23
P0808,S0174,Pilot,Industrial Retrofit,,2,72.8,16.6,True,2022-12-20
P0809,S0700,Partial,Congestion Pricing,35218.0,9,63.8,14.0,True,2022-09-22
P0810,S0390,Full,Congestion Pricing,18004.45,0,50.6,7.2,True,2023-05-13
P0811,S0457,Partial,Congestion Pricing,29157.63,1,67.5,18.0,True,2021-02-18
P0812,S1053,Pilot,Industrial Retrofit,24692.18,1,55.2,15.2,False,2022-11-08
P0813,S0122,Pilot,Industrial Retrofit,,6,70.3,16.0,True,2021-05-27
P0814,S0418,None,Industrial Retrofit,29287.75,3,72.9,15.8,True,2022-01-14
P0815,S0159,Pilot,Congestion Pricing,31942.55,9,77.5,6.9,False,2023-03-05
P0816,s0598,None,EV Incentive,14537.36,8,71.5,4.5,True,2021-07-08
P0817,S0516,Pilot,Industrial Retrofit,12495.46,1,66.0,8.0,True,2022-01-06
P0818,S1026,Partial,EV Incentive,,8,80.9,15.9,True,2023-04-24
P0819,S1103,Partial,Industrial Retrofit,29999.36,5,82.3,2.9,True,2023-02-20
P0820,S0659,None,Emissions Cap,14314.95,9,52.4,2.1,True,2021-04-20
P0821,S0678,Pilot,Emissions Cap,37908.63,7,150.0,-0.9,True,2022-11-24
P0822,S0315,Pilot,Emissions Cap,38910.79,6,79.7,2.5,True,2021-06-26
P0823,S0328,None,EV Incentive,29545.3,7,150.0,5.3,True,2021-10-30
P0824,S0276,Pilot,Industrial Retrofit,27158.44,8,42.5,10.7,True,2022-07-06
P0825,S0716,Pilot,Congestion Pricing,12575.45,7,79.5,3.1,False,2021-05-12
P0826,S0452,Partial,EV Incentive,12449.58,5,67.5,14.0,True,2024-04-07
P0827,S0486,FULL,Industrial Retrofit,34092.25,7,59.5,10.3,False,2021-07-18
P0828,S1131,FULL,Emissions Cap,16369.7,7,68.8,-2.3,False,2023-07-27
P0829,S0567,Partial,EV Incentive,17074.51,1,79.2,9.9,False,2023-09-23
P0830,S0246,None,Industrial Retrofit,31801.61,1,40.6,10.8,True,2024-04-08
P0831,S0935,FULL,Congestion Pricing,91362.6,0,66.5,21.5,False,2022-05-30
P0832,S0889,None,EV Incentive,21195.31,9,65.7,11.5,False,2023-11-15
P0833,S0164,None,Congestion Pricing,92079.46,1,83.0,-0.6,True,2024-02-24
P0834,S0527,None,EV Incentive,25700.0,6,74.9,11.4,True,2021-07-27
P0835,S0001,Pilot,Emissions Cap,37733.82,2,74.8,11.0,True,2022-07-30
P0836,S0863,Partial,Emissions Cap,47850.16,3,59.7,13.6,True,2021-03-14
P0837,S0137,Full,Emissions Cap,49986.61,3,73.0,25.8,True,2023-01-15
P0838,S0151,Partial,Congestion Pricing,32972.82,3,150.0,6.8,True,2022-11-29
P0839,S1004,Pilot,Emissions Cap,23439.75,1,63.7,6.1,True,2021-09-02
P0840,S1042,Partial,Congestion Pricing,44215.92,5,71.9,12.8,False,2023-08-16
P0841,S1129,Partial,Congestion Pricing,34696.86,0,66.0,21.0,True,2021-02-14
P0842,S0999,Full,Congestion Pricing,20712.25,4,68.8,14.0,True,2023-08-26
P0843,S0698,Partial,Emissions Cap,62658.38,1,80.8,7.9,True,2021-02-01
P0844,S1089,Partial,Industrial Retrofit,35399.01,8,60.6,15.9,True,2023-02-28
P0845,S0333,Partial,Congestion Pricing,17162.57,1,52.5,20.8,True,2021-04-05
P0846,S0372,Partial,Industrial Retrofit,15999.38,5,54.1,5.4,False,2021-10-29
P0847,S0581,None,Congestion Pricing,,3,51.5,4.0,True,2023-05-17
P0848,S1166,Pilot,Emissions Cap,20018.88,5,84.3,10.3,True,2021-12-03
P0849,S0686,FULL,Emissions Cap,42267.22,1,72.9,11.8,True,2022-09-06
P0850,S0709,FULL,Emissions Cap,33728.97,1,77.8,18.3,False,2024-01-04
P0851,S0928,Pilot,EV Incentive,41413.81,6,75.7,7.2,False,2021-03-01
P0852,S0740,Full,Emissions Cap,84718.41,2,62.6,12.4,True,2023-09-01
P0853,S0271,FULL,Industrial Retrofit,48941.92,2,84.6,19.3,True,2021-03-20
P0854,S0711,Pilot,Congestion Pricing,44420.77,6,56.7,11.3,False,2021-06-02
P0855,S0325,Pilot,Industrial Retrofit,23905.8,7,89.1,7.6,False,2021-05-24
P0856,S0990,Full,EV Incentive,18056.41,6,66.5,13.4,True,2024-04-07
P0857,S0798,Pilot,Industrial Retrofit,114884.14,2,86.5,8.0,True,2021-08-05
P0858,S0920,Pilot,Congestion Pricing,26236.28,2,52.4,12.0,True,2023-12-13
P0859,S0547,None,Congestion Pricing,25234.98,6,59.8,8.9,True,2024-04-04
P0860,S1093,Partial,Emissions Cap,31993.11,2,45.8,9.1,True,2022-04-06
P0861,S0908,Full,EV Incentive,30178.14,1,77.5,7.6,True,2023-01-28
P0862,S0212,Pilot,EV Incentive,69959.08,6,68.0,6.6,True,2023-07-24
P0863,S0597,Full,Industrial Retrofit,37188.84,2,89.2,16.0,True,2022-04-17
P0864,S0048,Full,Emissions Cap,12259.36,4,59.2,11.1,False,2021-07-14
P0865,S0231,None,Emissions Cap,18109.96,6,81.0,17.6,False,2022-06-05
P0866,S0579,Partial,Emissions Cap,27076.61,1,66.0,-3.5,True,2023-07-16
P0867,S0950,Pilot,Congestion Pricing,49780.8,7,63.9,6.9,False,2023-07-26
P0868,S1113,None,EV Incentive,,1,61.5,5.6,True,2021-10-04
P0869,S0932,Partial,Industrial Retrofit,36182.46,3,54.9,8.5,True,2021-07-29
P0870,S0052,FULL,Industrial Retrofit,41722.16,3,69.5,3.8,True,2024-01-10
P0871,S0422,Pilot,Industrial Retrofit,45680.18,7,67.5,0.4,False,2021-02-22
P0872,S0611,None,Emissions Cap,,0,46.1,14.0,False,2023-06-01
P0873,S0446,Full,EV Incentive,,8,34.9,6.4,False,2021-02-25
P0874,S0961,Partial,EV Incentive,,5,61.2,13.3,True,2023-10-03
P0875,S0131,Pilot,Congestion Pricing,47443.53,3,78.9,2.9,False,2023-12-23
P0876,S0600,FULL,Congestion Pricing,25926.28,5,67.7,0.2,False,2021-12-23
P0877,S0374,None,Congestion Pricing,,5,49.4,11.4,True,2021-03-30
P0878,S0551,Pilot,Industrial Retrofit,27420.97,8,43.7,13.8,False,2022-07-31
P0879,S0530,Partial,Industrial Retrofit,39738.39,3,78.9,6.3,True,2021-12-25
P0880,S1129,Partial,EV Incentive,,7,45.2,3.9,False,2022-05-16
P0881,S0387,Pilot,Congestion Pricing,45760.4,0,74.1,17.5,True,2023-03-09
P0882,S0336,Partial,Industrial Retrofit,45365.96,5,71.8,9.7,True,2021-09-09
P0883,S0736,Pilot,Congestion Pricing,22451.44,4,84.6,4.0,False,2022-03-05
P0884,S1141,Partial,Congestion Pricing,26943.05,2,57.5,1.0,True,2023-07-29
P0885,S1025,Pilot,EV Incentive,16063.94,3,76.3,5.9,True,2023-02-12
P0886,S0896,Pilot,EV Incentive,13410.25,7,81.8,7.6,True,2022-01-27
P0887,S0538,Pilot,Industrial Retrofit,30286.24,9,49.0,14.6,False,2023-03-09
P0888,S0496,Partial,EV Incentive,30403.82,1,66.6,9.9,True,2023-07-08
P0889,S1036,Pilot,Congestion Pricing,,7,64.5,9.2,False,2022-12-12
P0890,S0508,None,EV Incentive,12709.85,6,52.2,4.5,False,2021-10-15
P0891,S0681,None,Congestion Pricing,35391.76,0,68.2,18.3,True,2021-01-01
P0892,S0565,Pilot,Congestion Pricing,21659.89,1,51.0,15.9,True,2023-08-22
P0893,S0781,None,Industrial Retrofit,17161.01,6,69.6,15.4,True,2023-09-15
P0894,S0760,Partial,Industrial Retrofit,57847.13,2,91.1,9.6,True,2023-04-18
P0895,S0128,Pilot,Industrial Retrofit,14986.53,1,62.5,12.4,True,2021-04-02
P0896,S1100,Partial,Congestion Pricing,37690.02,0,63.9,-5.0,True,2022-12-04
P0897,S0146,Full,EV Incentive,10941.05,6,82.0,11.2,True,2023-09-13
P0898,S0499,Partial,Industrial Retrofit,11364.74,2,80.1,21.5,True,2022-04-13
P0899,S0966,Partial,Industrial Retrofit,35940.03,5,57.6,6.5,False,2021-08-26
P0900,S0560,Partial,EV Incentive,21989.45,9,73.3,4.1,True,2022-12-07
P0901,S0924,Full,EV Incentive,13342.25,7,29.6,9.1,False,2023-09-19
P0902,S0403,FULL,Industrial Retrofit,47570.17,5,53.0,4.8,True,2021-02-28
P0903,S0976,Full,Congestion Pricing,33617.06,6,77.8,4.5,True,2022-12-18
P0904,S0342,Full,Congestion Pricing,7504.57,5,58.9,11.6,True,2023-02-11
P0905,S1072,Pilot,Industrial Retrofit,47841.13,6,62.6,14.9,True,2022-12-24
P0906,S0541,Pilot,EV Incentive,14209.55,4,53.9,11.6,False,2023-02-20
P0907,S1200,Full,Congestion Pricing,9655.32,8,52.0,3.1,True,2023-01-28
P0908,S0511,Partial,EV Incentive,16443.14,2,35.0,6.0,True,2021-06-06
P0909,S0019,Pilot,Emissions Cap,26236.81,5,150.0,11.9,True,2021-10-09
P0910,S0495,Partial,EV Incentive,28181.63,8,70.6,13.9,True,2023-01-13
P0911,S0355,FULL,EV Incentive,10087.79,0,68.0,8.8,True,2021-01-22
P0912,S0559,None,Emissions Cap,11523.45,4,55.0,4.6,True,2023-02-01
P0913,S0345,Partial,Congestion Pricing,17042.35,3,150.0,14.6,True,2023-03-10
P0914,S1084,Partial,Congestion Pricing,17708.31,8,60.5,20.9,True,2021-10-15
P0915,S0688,Full,Congestion Pricing,42492.35,0,49.1,16.7,True,2022-12-19
P0916,S0229,Pilot,Industrial Retrofit,20994.32,3,55.8,21.9,False,2022-10-03
P0917,S0147,Full,Emissions Cap,42006.43,0,66.5,6.3,True,2021-11-09
P0918,S0332,Pilot,EV Incentive,51921.85,2,54.5,16.2,True,2022-07-10
P0919,S0433,Partial,Emissions Cap,37549.01,3,80.4,17.7,True,2023-12-28
P0920,S0399,Pilot,Emissions Cap,4253.66,0,52.5,7.1,True,2022-05-27
P0921,S0836,Pilot,Emissions Cap,22417.34,4,57.7,5.0,True,2023-01-26
P0922,S0587,Full,Emissions Cap,24348.28,5,150.0,4.2,True,2021-02-12
P0923,S0599,Pilot,Emissions Cap,26038.87,0,73.3,9.5,True,2021-04-04
P0924,S0757,Full,Emissions Cap,7713.23,9,71.2,1.0,True,2021-04-08
P0925,S0346,Pilot,Industrial Retrofit,17009.86,9,57.3,20.1,False,2023-07-23
P0926,S1037,None,Emissions Cap,11880.5,3,72.0,2.3,False,2022-02-25
P0927,S0738,None,Emissions Cap,15429.9,3,74.5,12.5,True,2021-10-01
P0928,S0380,Partial,Congestion Pricing,23035.38,0,70.3,-3.6,True,2023-06-16
P0929,S0421,Pilot,Emissions Cap,17241.39,1,64.6,22.3,True,2021-07-23
P0930,S1011,Partial,Emissions Cap,16126.07,9,71.9,17.5,False,2021-10-23
P0931,S0418,Partial,Congestion Pricing,23890.07,4,64.1,0.4,False,2022-06-02
P0932,S0356,Pilot,Congestion Pricing,20023.77,1,69.8,11.8,True,2022-02-02
P0933,S0016,Pilot,Congestion Pricing,30327.61,2,65.9,8.6,True,2022-12-04
P0934,S0315,Pilot,EV Incentive,20912.16,8,46.9,10.9,False,2022-02-10
P0935,S0533,Full,Emissions Cap,10503.19,4,58.0,13.8,False,2022-04-17
P0936,S2000,Pilot,Emissions Cap,14491.98,0,90.0,5.2,True,2023-11-02
P0937,S2001,None,Emissions Cap,22096.39,4,41.8,9.7,True,2023-11-28
P0938,S2002,Pilot,Congestion Pricing,20562.3,2,83.6,-0.9,True,2023-09-21
P0939,S2003,Partial,Industrial Retrofit,11520.81,0,72.5,10.5,True,2023-11-04
P0940,S2004,Partial,Emissions Cap,40374.28,2,65.4,-2.4,True,2022-11-15
P0941,S2005,Full,Congestion Pricing,32446.05,5,44.8,17.8,True,2023-02-15
P0942,S2006,Full,Congestion Pricing,18760.79,9,65.0,1.2,False,2022-10-31
P0943,S2007,Pilot,Congestion Pricing,24386.51,4,56.0,11.8,False,2023-08-01
P0944,S2008,Pilot,EV Incentive,14141.6,0,79.3,15.0,False,2022-10-24
P0945,S2009,Partial,Congestion Pricing,44884.18,1,57.0,21.2,True,2021-05-14
P0946,S2010,Full,Industrial Retrofit,93093.37,4,61.7,20.6,True,2023-08-30
P0947,S2011,Pilot,EV Incentive,18274.24,8,68.0,18.4,True,2023-07-02
P0948,S2012,Pilot,Congestion Pricing,56070.18,4,57.3,9.9,True,2023-09-12
P0949,S2013,Full,Industrial Retrofit,16050.97,4,76.5,16.7,True,2021-08-17
P0950,S2014,Pilot,Industrial Retrofit,19551.81,0,61.4,11.7,True,2021-11-22
P0951,S2015,Pilot,Emissions Cap,63590.17,4,42.4,12.2,True,2021-12-21
P0952,S2016,Full,Congestion Pricing,25036.66,7,66.8,6.3,True,2022-09-02
P0953,S2017,FULL,Congestion Pricing,40627.08,8,74.7,20.4,True,2021-06-10
P0954,S2018,Pilot,Emissions Cap,22886.98,9,82.3,5.2,True,2022-04-08
P0955,S2019,FULL,Industrial Retrofit,9121.22,2,71.6,3.6,True,2021-08-07
P0956,S2020,Pilot,Congestion Pricing,,3,78.8,12.4,False,2021-11-14
P0957,S2021,Full,Emissions Cap,23622.06,6,70.9,-0.8,True,2023-04-28
P0958,S2022,Full,Emissions Cap,,6,53.5,10.7,True,2023-10-23
P0959,S2023,Partial,Industrial Retrofit,17335.01,0,55.6,19.8,True,2021-01-28
P0960,S2024,Pilot,Industrial Retrofit,,5,37.4,12.5,False,2022-11-11
P0961,S2025,None,Congestion Pricing,41107.74,8,62.4,10.2,True,2021-02-13
P0962,S2026,Partial,Congestion Pricing,10568.65,4,150.0,5.0,False,2021-04-13
P0963,S2027,Pilot,EV Incentive,29811.81,7,46.1,1.0,True,2023-04-27
P0964,S2028,Partial,Industrial Retrofit,45536.1,9,80.5,15.2,True,2023-06-02
P0965,S2029,Partial,EV Incentive,55285.29,8,63.8,10.2,False,2023-09-04
P0966,S2030,Pilot,EV Incentive,39650.92,9,54.2,13.7,True,2022-07-24
P0967,S2031,Full,Emissions Cap,41797.95,9,46.0,-3.2,True,2023-10-29
P0968,S2032,None,Emissions Cap,19456.64,2,84.9,14.4,True,2021-07-20
P0969,S2033,Partial,Congestion Pricing,12869.0,0,79.2,21.9,True,2021-10-27
P0970,S2034,Pilot,Industrial Retrofit,22325.3,1,60.2,18.0,True,2021-06-11
P0971,S2035,Partial,Industrial Retrofit,12694.71,4,76.1,11.8,True,2023-08-16
P0972,S2036,Partial,EV Incentive,17267.5,9,62.5,3.7,True,2021-10-02
P0973,S2037,None,EV Incentive,17113.34,6,57.7,10.7,False,2021-07-06
P0974,S2038,Pilot,Congestion Pricing,15299.53,5,57.2,10.9,True,2023-01-18
P0975,S2039,None,Emissions Cap,37025.86,3,62.2,7.0,True,2021-04-03
P0976,S2040,None,Industrial Retrofit,14652.46,8,60.2,7.5,True,2021-02-23
P0977,S2041,Partial,Industrial Retrofit,80930.68,3,150.0,22.6,True,2021-05-09
P0978,S2042,Pilot,Industrial Retrofit,48702.71,2,84.3,4.2,True,2021-01-01
P0979,S2043,Pilot,Industrial Retrofit,54923.48,4,92.3,7.4,True,2023-04-17
P0980,S2044,Pilot,Emissions Cap,17792.04,3,50.6,13.4,False,2022-11-06
P0981,S2045,Partial,Congestion Pricing,30338.66,1,70.5,23.1,True,2021-09-09
P0982,S2046,Partial,Congestion Pricing,14389.63,2,67.5,8.2,True,2021-10-07
P0983,S2047,Pilot,Emissions Cap,30650.78,6,71.4,-0.8,True,2023-09-01
P0984,S2048,Partial,Congestion Pricing,9314.87,1,59.6,-2.8,True,2022-08-26
P0985,S2049,Full,Congestion Pricing,50887.78,0,71.5,25.1,False,2023-04-19
P0986,S2050,None,EV Incentive,18270.86,1,48.4,-1.5,True,2022-06-28
P0987,S2051,Partial,Emissions Cap,32263.99,7,100.0,10.5,True,2021-10-13
P0988,S2052,FULL,Congestion Pricing,36065.23,7,68.5,0.9,False,2024-03-10
P0989,S2053,None,EV Incentive,19295.39,9,73.8,5.3,False,2022-11-10
P0990,S2054,Partial,Emissions Cap,16664.62,1,51.6,6.1,True,2021-06-07
P0991,S2055,Pilot,Emissions Cap,25031.13,5,56.7,-1.7,False,2022-05-03
P0992,S2056,Full,Industrial Retrofit,43554.98,6,47.4,17.3,True,2022-01-31
P0993,S2057,None,EV Incentive,24632.17,0,82.5,12.6,True,2021-09-14
P0994,S2058,None,EV Incentive,38629.62,6,51.7,7.4,True,2024-01-26
P0995,S2059,Partial,EV Incentive,43323.69,7,62.7,6.6,True,2023-11-24
P0996,S2060,Partial,Emissions Cap,23969.28,8,63.3,16.5,True,2021-08-27
P0997,S2061,Partial,Industrial Retrofit,25144.49,7,70.7,10.5,True,2022-02-27
P0998,S2062,Pilot,Emissions Cap,29239.75,2,49.5,22.5,True,2023-07-04
P0999,S2063,Full,Congestion Pricing,,7,75.3,7.3,True,2021-09-08
P1000,S2064,Full,Congestion Pricing,21895.38,2,79.9,12.6,True,2022-12-11
P1001,S2065,Pilot,Congestion Pricing,53244.53,5,57.1,2.6,False,2023-04-20
P1002,S2066,Partial,Industrial Retrofit,31353.35,3,64.6,7.4,True,2023-02-24
P1003,S2067,Partial,Emissions Cap,17292.59,6,72.5,16.2,True,2023-04-28
P1004,S2068,None,EV Incentive,26233.79,7,68.1,17.1,True,2023-04-29
P1005,S2069,Pilot,Congestion Pricing,13733.86,9,53.0,21.0,True,2024-03-03
P1006,S2070,None,Congestion Pricing,11996.8,5,73.4,12.7,True,2022-02-20
P1007,S2071,Full,Emissions Cap,,9,83.2,17.4,False,2023-11-21
P1008,S2072,Pilot,EV Incentive,43419.39,3,83.1,13.7,True,2021-01-27
P1009,S2073,Partial,Industrial Retrofit,26375.37,7,71.9,7.5,False,2021-12-12
P1010,S2074,Pilot,Congestion Pricing,27683.97,6,74.2,0.9,True,2021-02-28
P1011,S2075,Partial,Congestion Pricing,19033.23,9,60.3,8.6,False,2023-02-21
P1012,S2076,Pilot,Congestion Pricing,29789.99,7,54.0,3.1,True,2021-05-01
P1013,S2077,Partial,EV Incentive,88334.61,9,150.0,16.3,False,2023-10-12
P1014,S2078,None,Congestion Pricing,49306.84,6,92.2,16.7,True,2023-02-15
P1015,s2079,Full,EV Incentive,25703.07,2,58.6,3.9,True,2021-02-04
P1015,S2080,Full,Congestion Pricing,24393.85,2,70.2,16.7,True,2023-05-08
P1017,S2081,Partial,Congestion Pricing,21464.71,8,69.5,2.9,True,2023-11-01
P1018,S2082,None,EV Incentive,11537.52,6,60.5,18.7,True,2023-03-05
P1019,S2083,Pilot,EV Incentive,,0,82.8,9.0,True,2021-02-06
P1020,S2084,Full,Industrial Retrofit,40317.43,2,84.1,12.8,False,2023-10-27
P1021,S2085,FULL,Emissions Cap,15379.47,0,97.0,18.7,True,2023-05-29
P1022,S2086,None,Congestion Pricing,22741.93,5,55.4,13.6,True,2022-03-31
P1023,S2087,Partial,Congestion Pricing,13754.09,1,69.9,9.2,True,2022-01-30
P1024,S2088,Pilot,Emissions Cap,43099.5,6,66.1,15.2,True,2022-07-30
P1025,S2089,Pilot,Emissions Cap,12532.26,7,56.8,4.2,True,2023-11-07
P1026,S2090,Partial,Emissions Cap,38392.09,5,57.0,-1.6,True,2021-10-30
P1027,S2091,Pilot,Congestion Pricing,49870.47,4,67.0,16.9,True,2021-05-02
P1028,S2092,None,Congestion Pricing,22158.46,9,59.4,2.1,True,2023-11-04
P1029,S2093,Partial,Congestion Pricing,17815.89,3,53.2,15.5,True,2021-02-01
P1030,S2094,Pilot,EV Incentive,35777.37,8,66.5,10.8,False,2023-12-30
P1031,S2095,Partial,Industrial Retrofit,70365.27,7,51.7,9.9,True,2022-01-02
P1032,S2096,None,Industrial Retrofit,60174.66,4,59.4,4.3,True,2022-09-02
P1033,S2097,Partial,Emissions Cap,25738.51,0,69.3,7.3,True,2021-06-08
P1034,S2098,Pilot,Emissions Cap,15836.78,7,63.4,10.1,True,2023-12-19
P1035,S2099,Pilot,Congestion Pricing,23405.93,7,61.9,11.2,True,2023-06-19
P1036,S2100,Pilot,Industrial Retrofit,9760.07,6,86.7,4.6,False,2024-01-14
P1037,S2101,None,Industrial Retrofit,19275.25,6,81.8,14.5,False,2023-03-31
P1038,S2102,Full,EV Incentive,,7,66.0,14.8,True,2021-08-10
P1039,S2103,Pilot,Congestion Pricing,21576.84,0,52.8,12.9,True,2022-01-05
P1040,S2104,Partial,Congestion Pricing,18764.66,2,74.7,7.4,False,2022-08-08
P1041,S2105,Full,Industrial Retrofit,26022.24,3,95.3,15.2,True,2022-12-30
P1042,S2106,Partial,Industrial Retrofit,22888.45,5,81.4,13.7,True,2024-01-17
P1043,S2107,Pilot,EV Incentive,42331.89,9,49.4,-1.7,True,2022-04-06
P1044,S2108,Pilot,EV Incentive,12136.18,9,62.6,11.3,True,2023-04-24
P1045,S2109,Full,Congestion Pricing,36896.82,8,56.2,21.6,False,2024-02-28
P1046,S2110,Partial,EV Incentive,26168.64,3,53.9,15.8,False,2021-07-02
P1047,S2111,Partial,Industrial Retrofit,34911.34,5,78.6,16.9,True,2023-11-02
P1048,S2112,Pilot,Congestion Pricing,11690.58,8,78.4,5.8,False,2022-05-20
P1049,S2113,Full,Industrial Retrofit,45698.82,8,86.3,10.8,True,2023-05-29
P1050,S2114,Partial,Congestion Pricing,37265.54,5,73.1,8.9,False,2021-12-19
P1051,S2115,Pilot,Congestion Pricing,73418.01,4,64.5,10.0,True,2022-02-05
P1052,S2116,Partial,Industrial Retrofit,16323.45,2,67.3,6.9,True,2021-02-02
P1053,S2117,Pilot,Congestion Pricing,18939.68,4,54.1,2.6,True,2024-03-11
P1054,S2118,None,Congestion Pricing,,2,81.4,10.4,True,2023-09-04
P1055,S2119,Full,EV Incentive,16413.2,4,56.1,5.3,True,2021-04-23
P1056,S2120,None,Industrial Retrofit,63613.6,9,60.1,13.5,True,2024-04-14
P1057,S2121,Partial,Industrial Retrofit,32113.69,9,61.4,9.8,False,2022-12-28
P1058,S2122,Pilot,EV Incentive,,0,28.1,-1.6,False,2023-10-22
P1059,S2123,Pilot,Congestion Pricing,29139.64,5,75.4,18.3,True,2021-03-21
P1060,S2124,Pilot,Emissions Cap,25927.77,6,150.0,12.6,False,2022-04-13
P1061,S2125,Full,Emissions Cap,8557.14,1,73.3,7.3,False,2023-03-15
P1062,S2126,Pilot,Industrial Retrofit,9538.64,2,59.6,8.0,True,2021-05-08
P1063,S2127,None,EV Incentive,52264.09,9,59.5,2.6,True,2022-08-10
P1064,S2128,Partial,Congestion Pricing,41855.0,8,51.7,9.6,False,2022-06-16
P1065,S2129,Pilot,EV Incentive,11040.02,7,81.7,14.1,True,2021-09-17
P1066,S2130,None,Congestion Pricing,24931.32,3,84.3,20.5,True,2021-12-27
P1067,S2131,None,Industrial Retrofit,17510.87,7,77.0,9.5,True,2024-03-06
P1068,S2132,None,Industrial Retrofit,51704.63,7,68.2,10.3,True,2021-12-13
P1069,S2133,Pilot,Emissions Cap,35190.85,5,66.6,17.2,False,2021-09-14
P1070,S2134,Pilot,EV Incentive,13866.58,0,78.0,3.0,True,2022-10-06
P1071,S2135,None,Industrial Retrofit,28915.83,1,63.5,10.9,False,2023-03-17
P1072,S2136,Partial,EV Incentive,26247.7,3,80.8,5.5,False,2023-05-21
P1073,S2137,None,Industrial Retrofit,26290.87,3,53.4,10.8,True,2023-06-25
P1074,S2138,Full,Congestion Pricing,19809.73,1,76.8,15.6,False,2021-02-14
P1075,S2139,Partial,Congestion Pricing,27306.91,8,80.4,0.1,True,2022-04-18
P1076,S2140,None,Emissions Cap,16147.78,1,51.8,16.7,True,2023-07-18
P1077,S2141,Full,Industrial Retrofit,13191.33,5,54.9,12.2,False,2023-12-22
P1078,S2142,Pilot,Emissions Cap,12734.52,4,64.5,10.8,True,2022-12-24
P1079,S2143,Pilot,Emissions Cap,14336.12,3,70.1,18.1,False,2021-03-04
P1080,S2144,Pilot,Industrial Retrofit,34660.98,5,57.6,5.3,True,2022-04-21
P1081,S2145,Partial,Industrial Retrofit,35231.05,3,66.1,2.0,False,2021-03-31
P1082,S2146,FULL,Congestion Pricing,64622.32,8,40.2,3.9,True,2023-06-18
P1083,S2147,None,Emissions Cap,23456.87,9,74.2,13.2,True,2021-03-18
P1084,S2148,None,Congestion Pricing,40980.25,6,74.7,7.0,True,2021-08-11
P1085,S2149,Partial,EV Incentive,,2,83.3,4.8,True,2022-05-16
P1086,S2150,Pilot,EV Incentive,32201.2,9,71.9,4.1,True,2022-07-10
P1087,S2151,None,Emissions Cap,,3,60.6,11.0,True,2022-05-03
P1088,S2152,Pilot,Emissions Cap,38147.99,0,52.8,9.8,True,2022-07-11
P1089,S2153,Full,Industrial Retrofit,28711.82,5,55.2,1.5,True,2023-05-06
P1090,S2154,Pilot,Industrial Retrofit,18617.45,1,63.9,1.7,True,2022-03-20
P1091,S2155,Pilot,Emissions Cap,31744.64,3,54.8,6.8,True,2022-10-20
P1092,S2156,Full,Emissions Cap,60997.05,4,55.8,15.5,False,2021-12-31
P1093,S2157,None,EV Incentive,29887.61,7,64.5,7.4,False,2022-03-01
P1094,S2158,Partial,Congestion Pricing,21222.04,2,45.7,1.1,True,2023-01-07
P1095,S2159,Full,EV Incentive,44039.41,5,53.1,9.5,True,2022-08-12
P1096,S2160,Full,EV Incentive,11718.52,0,67.6,10.2,True,2023-05-18
P1097,S2161,None,Congestion Pricing,21677.45,8,68.2,1.1,True,2022-11-04
P1098,S2162,Pilot,Emissions Cap,14936.08,0,75.4,2.7,True,2023-08-23
P1099,S2163,None,Emissions Cap,25011.93,1,66.9,14.5,True,2022-06-17
P1100,S2164,Full,EV Incentive,56833.89,0,65.4,2.6,True,2022-08-13
