lat,lon,time range,flag,vessel ids,apparent fishing hours
-14.4,-77.1,2023-03,PER,2,3.55
-12.1,-77.2,2023-03,PER,3,132.59
-14.4,-77.4,2023-02,PER,3,2.11
-12.9,-77.9,2023-02,PER,1,2.81
-12.3,-77.3,2023-01,PER,14,29.65
-6.9,-81,2023-01,PER,1,4.96
-16.2,-77.7,2023-02,ECU,1,1.8
-9.2,-78.8,2023-01,PER,23,46.11
-3.4,-81.2,2023-03,ECU,1,4.13
-14.9,-76.3,2023-03,PER,1,1.2
-11.9,-77.7,2023-01,PER,1,0.25
-13.4,-80.2,2023-03,ECU,1,1.66
-15,-76.2,2023-03,PER,1,2.53
-7.9,-79.5,2023-02,GBR,1,0.21
-10.3,-81.6,2023-03,ECU,1,0.06
-13.1,-76.8,2023-01,NA,1,2.44
-14.3,-76.6,2023-01,PER,1,0.41
-10.8,-77.8,2023-01,NA,1,0.72
-16.8,-77.6,2023-03,ECU,1,2.91
-7.3,-80.3,2023-01,PER,4,4.02
-13.6,-76.5,2023-01,PER,10,9.5
-9.1,-78.6,2023-01,HND,1,0.25
-15.9,-78.1,2023-02,ECU,1,0.22
-12.4,-77.4,2023-03,PER,1,1.15
-14.1,-77.2,2023-02,PER,1,5.12
-12.6,-77.7,2023-02,PER,1,0.19
-14.9,-77.6,2023-02,PER,7,18.28
-17.5,-77.6,2023-03,NA,1,1.45
-6.2,-81.2,2023-01,PER,3,4.86
-18,-71,2023-02,PER,3,5.42
-9.7,-78.5,2023-01,NA,3,7.82
-12.8,-77,2023-01,NA,1,0.12
-12.3,-76.9,2023-01,PER,2,56.94
-10.8,-81.4,2023-03,ECU,1,0.12
-12,-80.8,2023-02,ECU,1,0.26
-8.5,-79.1,2023-01,HND,1,2.67
-12.5,-76.9,2023-01,NA,5,21.38
-8.7,-79.5,2023-01,PER,1,1.25
-14.5,-77.7,2023-02,NA,1,1.99
-5.8,-81.3,2023-01,PER,3,9.38
-17.8,-71.3,2023-01,NA,1,12.8
-17.6,-77.7,2023-03,ECU,1,0.35
-7.4,-79.7,2023-01,PER,68,262.84
-9.7,-78.7,2023-02,PER,1,1.9
-14.3,-77.7,2023-02,PER,11,51.49
-15.3,-78.2,2023-02,ECU,1,4.98
-17.9,-71.3,2023-01,PER,1,8.77
-12.7,-76.8,2023-01,HND,1,0.17
-11.8,-77.4,2023-01,PER,26,27.84
-16.5,-78.3,2023-03,ECU,2,1.74
-6.4,-81.1,2023-01,PER,2,1.75
-17.4,-77.7,2023-03,NA,1,1.08
-8.2,-83.4,2023-03,ECU,1,0.4
-14.6,-76.9,2023-01,PER,1,15.62
-16.7,-77.1,2023-03,PER,3,12.72
-15.4,-77,2023-03,PER,6,6.62
-13.9,-77.5,2023-03,PER,1,0.33
-7.5,-79.7,2023-01,GBR,1,4.43
-7.7,-79.5,2023-01,PER,13,5.93
-11.9,-77.3,2023-03,PER,3,19.62
-13.5,-76.3,2023-01,PER,34,71.12
-15.3,-77.9,2023-02,PER,1,0.29
-10.2,-78.4,2023-02,PER,2,3.7
-14,-77.2,2023-01,PER,3,4.18
-13.8,-77.1,2023-03,PER,1,0.38
-17.6,-71.4,2023-01,PER,1,0.29
-7.5,-79.9,2023-01,NA,1,2.04
-15.5,-77.9,2023-02,NA,1,2.55
-13.4,-80,2023-02,ECU,1,1.11
-13.4,-77.8,2023-01,PER,1,0.9
-15.6,-78,2023-02,ECU,1,0.21
-10.3,-78.2,2023-01,AIA,1,4.7
-14.6,-77.5,2023-02,PER,22,70.08
-12.6,-76.9,2023-02,NA,1,4.75
-11.9,-77.3,2023-01,NA,4,7.59
-11.5,-77.6,2023-03,PER,3,6.97
-11.4,-81.1,2023-03,ECU,1,8.97
-13.9,-76.6,2023-01,PER,31,87.46
-3.4,-81,2023-02,ECU,1,1.05
-13.6,-77.9,2023-02,PER,2,2.41
-7.6,-79.8,2023-01,HND,1,0.74
-13.4,-77.2,2023-03,PER,3,8.42
-15.1,-77.4,2023-02,PER,5,9.74
-5.2,-81.2,2023-02,PER,1,0.22
-17.2,-71.9,2023-01,PER,1,7.12
-12.5,-77.3,2023-03,PER,1,2.03
-6.5,-81,2023-03,PER,1,0.73
-7.1,-82,2023-03,PER,1,0.62
-14.3,-76.6,2023-03,NA,1,0.82
-14.8,-77,2023-02,PER,7,20.4
-16.6,-77,2023-03,ECU,1,1.53
-13.3,-76.7,2023-01,PER,16,45.23
-8.2,-79.2,2023-01,PER,88,401.24
-10.7,-78,2023-01,AIA,1,3.01
-10,-81.6,2023-02,PER,1,0.42
-9.6,-78.7,2023-02,PER,1,1.73
-9.6,-81.8,2023-02,PER,1,5.01
-15,-75.6,2023-01,PER,5,11.46
-14.7,-76.9,2023-01,PER,1,0.31
-16.8,-77.1,2023-03,NA,1,2.34
-15,-77.4,2023-03,NA,1,1.41
-7.3,-79.8,2023-01,NA,2,4.94
-5.5,-81.2,2023-01,PER,2,5.91
-13.3,-77.6,2023-02,PER,1,0.97
-15.8,-77.1,2023-02,PER,1,1.1
-6.8,-80.6,2023-03,PER,1,1.17
-9.2,-82.5,2023-03,PAN,1,0.07
-13.4,-76.4,2023-01,PER,27,102.5
-10.8,-81.3,2023-02,PAN,1,0.12
-12.6,-77.5,2023-03,PER,1,4.42
-12.7,-79.5,2023-03,PER,1,1.25
-14.1,-77,2023-03,PER,1,2.13
-17.8,-71.5,2023-02,NA,2,3.81
-12.4,-79.1,2023-02,PER,1,2.99
-14.2,-77.2,2023-02,PER,1,3.86
-10,-78.4,2023-01,PER,32,68.2
-12.7,-77.7,2023-02,PER,2,2.38
-8.6,-80,2023-03,PER,1,0.6
-16.5,-78.8,2023-03,NA,1,4.89
-13.7,-76.5,2023-01,PER,22,104.22
-9.8,-81.3,2023-02,PER,1,2
-8.8,-79,2023-01,PER,5,4.53
-16,-77.2,2023-03,PER,1,2.11
-17.1,-78,2023-02,NA,1,1.01
-11.8,-80.6,2023-02,PER,1,9.86
-9.6,-78.5,2023-01,NA,1,1.67
-12,-77.8,2023-02,PER,1,1.05
-5.7,-81.1,2023-01,NA,1,2.33
-6.7,-80.8,2023-01,PER,61,260.44
-6.9,-80.4,2023-02,PER,1,1.8
-7,-80.2,2023-01,PER,19,47.53
-6.4,-83.6,2023-03,ECU,1,0.19
-15.6,-77.6,2023-02,PER,13,59.29
-15.4,-77.2,2023-02,PER,11,40.71
-14.6,-78.1,2023-02,ECU,1,6.28
-10.9,-77.9,2023-01,PER,35,63.46
-14,-76.4,2023-03,PER,2,3.73
-4,-83.6,2023-03,ECU,1,1.75
-12.3,-77.1,2023-01,SSD,1,3.7
-9.7,-78.5,2023-03,PER,1,0.15
-15.1,-76.8,2023-02,PER,2,3.5
-10.4,-78.2,2023-02,PER,17,26.28
-17.1,-78.2,2023-03,NA,1,0.67
-13,-78,2023-03,PER,1,0.34
-12.7,-76.8,2023-01,SSD,1,2.17
-11.5,-78.3,2023-02,PER,1,2.67
-17.7,-71.5,2023-02,PER,10,19.3
-8.4,-80.6,2023-02,PER,1,5.75
-9.1,-82.5,2023-03,PAN,1,0.44
-7.1,-80.1,2023-01,GBR,1,1.45
-16.5,-77.9,2023-03,ECU,1,1.4
-9.9,-78.9,2023-02,PER,1,1.91
-11.4,-78.1,2023-03,PER,1,0.64
-3.8,-81.3,2023-01,ECU,1,3.11
-13.3,-77,2023-01,HND,1,3.18
-13,-76.9,2023-01,HND,1,1.3
-15.7,-76.7,2023-03,NA,1,0.53
-9.1,-78.8,2023-01,PER,31,106.14
-9.7,-78.4,2023-01,HND,1,0.99
-12.2,-77.2,2023-03,PER,2,3.4
-14.9,-77.8,2023-02,HND,1,5.08
-16.9,-78.5,2023-03,ECU,1,1.39
-6.1,-81.4,2023-01,PER,9,20.48
-11.3,-80.4,2023-02,PER,1,6.31
-17.5,-71.5,2023-01,PER,1,0.74
-12.4,-78.8,2023-03,PER,3,2.52
-8.5,-79.3,2023-01,PER,1,1.89
-7.1,-80.7,2023-03,PER,1,0.08
-16.7,-78.3,2023-03,PER,2,11.97
-12.3,-79.2,2023-02,PER,1,3.19
-9.1,-78.7,2023-02,PER,2,0.63
-16.5,-77.1,2023-03,ECU,1,1.22
-8.1,-79.5,2023-01,PER,45,74.05
-8.5,-79.1,2023-01,GBR,1,1.51
-8.9,-80.9,2023-01,NA,1,1.61
-8.9,-82.5,2023-03,PAN,1,0.94
-14.2,-76.9,2023-01,PER,1,3.62
-11.9,-80.7,2023-02,PER,1,0.03
-10.5,-78.4,2023-01,PER,2,0.38
-12.2,-77.7,2023-02,PER,1,0.98
-12.9,-79.4,2023-03,PER,3,3.61
-14.7,-77.2,2023-02,PER,1,0.11
-8.5,-79,2023-01,NA,1,0.25
-13.2,-76.5,2023-01,PER,17,37.03
-8.3,-79,2023-01,PER,11,18.04
-7.1,-80.3,2023-01,PER,10,16.05
-10.9,-78,2023-03,PER,1,0.75
-15.9,-77.3,2023-02,ECU,1,0.99
-12.4,-78.3,2023-02,PER,1,1.32
-7.5,-79.7,2023-01,AIA,1,1.46
-14.4,-77.8,2023-02,AIA,1,1.61
-11.2,-77.9,2023-01,PER,17,29.67
-9.4,-78.6,2023-01,NA,1,0.19
-15.5,-78,2023-02,PER,1,1.94
-13.3,-79.1,2023-03,PER,2,0.63
-7.6,-80.9,2023-03,PER,1,0.29
-10.6,-78.1,2023-03,PER,1,1.36
-7.1,-83.4,2023-03,ECU,1,0.02
-9.8,-78.5,2023-02,PER,2,1.1
-12.7,-77,2023-02,PER,3,1.04
-14.2,-77.5,2023-02,PER,1,0.05
-13.7,-78.5,2023-02,ECU,1,0.65
-10.4,-78.3,2023-01,PER,1,0.18
-8.9,-78.8,2023-01,PER,10,11.68
-8,-79.5,2023-02,PER,5,8.57
-10.5,-79,2023-02,PER,1,4.55
-10.8,-78.9,2023-02,PER,1,1.96
-7.8,-79.8,2023-01,HND,1,3.59
-4,-81.4,2023-03,ECU,1,2.03
-8.4,-79.6,2023-01,PER,2,2.1
-10.1,-80.8,2023-01,PER,1,2.02
-5.3,-82.8,2023-02,PER,1,2.31
-9.8,-78.3,2023-01,PER,9,8.68
-14.2,-77.3,2023-01,PER,2,1.83
-9.4,-78.9,2023-02,PER,1,1.5
-11.9,-78.1,2023-03,PER,1,1.3
-14.7,-76.1,2023-01,PER,10,6.82
-13.2,-79.8,2023-02,ESP,1,0.87
-9.1,-80.1,2023-03,PER,1,0.16
-16.3,-77.8,2023-03,ECU,1,6.03
-9.9,-78.4,2023-01,NA,2,7.97
-9.5,-78.8,2023-02,PER,3,3.37
-16.9,-78.2,2023-03,ECU,2,11.14
-14.7,-77,2023-03,PER,15,40.73
-12.2,-77.5,2023-03,PER,1,3.27
-16.6,-77.8,2023-03,PER,1,2.46
-16.9,-76.7,2023-03,NA,1,2.48
-15.2,-77.6,2023-02,PER,19,61.06
-10.5,-78.1,2023-02,NA,1,4.81
-8.3,-79.8,2023-02,PER,5,13.42
-3.5,-81.6,2023-02,PER,1,5.1
-12,-78.6,2023-02,PER,3,7.04
-13.1,-76.5,2023-01,PER,1,1.86
-9.6,-78.6,2023-01,HND,1,0.09
-16.2,-77.2,2023-03,ECU,1,0.09
-15.4,-78.1,2023-02,ECU,1,0.13
-12.1,-77.7,2023-02,PER,1,0.38
-14.6,-77.2,2023-02,PER,2,1.11
-14.4,-77.6,2023-02,PER,2,1.97
-7.5,-79.8,2023-02,GBR,1,0.17
-9.7,-79.4,2023-01,PER,1,0.37
-16.8,-76.8,2023-03,ECU,1,3.4
-11.1,-77.9,2023-01,PER,3,1.71
-13.5,-76.2,2023-02,PER,4,6.53
-9.8,-82.1,2023-02,PER,1,10.29
-12.3,-77,2023-01,NA,1,2.42
-12.8,-76.9,2023-01,PER,34,236.19
-14.9,-76.8,2023-02,PER,1,4.61
-7.1,-80.1,2023-01,AIA,1,5.43
-12.5,-77,2023-01,PER,58,153.82
-7.2,-79.8,2023-01,GBR,1,2.3
-16.7,-77.9,2023-03,PER,3,10.65
-15.4,-77.5,2023-02,PER,8,26.16
-13.9,-77,2023-02,PER,1,0.27
-7,-80.5,2023-01,PER,8,26.39
-15.9,-76.1,2023-03,NA,1,8.3
-9.2,-80.1,2023-03,PER,1,1.34
-14.6,-76.1,2023-01,PER,8,10.82
-13.8,-76.3,2023-01,NA,1,0.18
-11.8,-77.6,2023-01,PER,12,16.18
-7.7,-79.8,2023-03,PER,1,0.36
-17.6,-71.6,2023-01,PER,1,0.28
-3.7,-81.4,2023-03,ECU,1,0.99
-7.7,-80.7,2023-03,PER,1,2.82
-16,-78.6,2023-03,NA,1,6.54
-15.3,-77.1,2023-02,PER,10,44.13
-7.3,-83.6,2023-03,ECU,1,8.81
-15.3,-77.4,2023-03,PER,9,26.28
-14.6,-77,2023-03,PER,16,60.57
-16.7,-78.2,2023-03,ECU,2,9.88
-13.3,-76.8,2023-02,PER,1,4.29
-14.1,-76.6,2023-02,NA,1,3.07
-14.9,-77.1,2023-03,PER,1,0.17
-12.4,-77.6,2023-03,PER,1,1.18
-6.5,-80.9,2023-01,PER,12,25.9
-12,-77.3,2023-01,NA,6,19.21
-7.4,-79.8,2023-02,PER,13,25.4
-11.2,-78.3,2023-01,PER,1,2.09
-11.1,-78.1,2023-01,AIA,1,0.42
-14,-76.6,2023-01,NA,1,2.72
-6.7,-80.5,2023-03,PER,1,7.35
-13,-76.7,2023-03,PER,1,0.42
-11.4,-77.7,2023-01,PER,1,0.08
-13.6,-76.8,2023-01,NA,1,3.95
-16,-77.8,2023-02,ECU,1,0.99
-4.2,-81.7,2023-02,PER,1,0.35
-12,-77.3,2023-03,PER,8,11.56
-3.8,-80.9,2023-02,PER,1,0.54
-12.8,-77.5,2023-02,PER,3,3.38
-13,-76.7,2023-01,NA,2,4.07
-14,-76.6,2023-03,PER,2,16.87
-13.8,-76.7,2023-01,PER,16,24.71
-12,-77.5,2023-02,NA,2,4.78
-10.9,-78.3,2023-01,PER,2,1.22
-9.3,-78.7,2023-01,NA,3,4.91
-12.2,-77.2,2023-01,NA,5,34.99
-8.5,-79.5,2023-02,PER,2,3.87
-10.3,-78.9,2023-02,PER,1,0.15
-17.3,-71.9,2023-01,NA,2,5.74
-13.7,-77.9,2023-02,PER,1,0.58
-9.5,-78.7,2023-01,PER,2,4.48
-15.2,-77.4,2023-02,PER,4,11.14
-8.1,-79.2,2023-01,PER,37,47.77
-6.1,-83,2023-01,PAN,1,1.63
-4.3,-82.3,2023-02,PER,1,1.82
-12.3,-79.5,2023-02,PER,1,3.96
-3.5,-81.4,2023-02,PER,1,0.17
-8.3,-79.3,2023-03,PER,1,0.39
-15.1,-75.9,2023-03,PER,1,1.56
-7.1,-81.4,2023-03,ECU,1,2
-12,-77.7,2023-01,PER,3,0.77
-10.7,-78.1,2023-03,PER,1,2.43
-17,-78.1,2023-02,NA,1,4.14
-6.8,-80.4,2023-03,PER,1,2.05
-11.7,-77.9,2023-02,ECU,1,1.01
-15.8,-77.6,2023-03,PER,1,0.57
-16.6,-78.4,2023-03,PER,2,2.22
-6.8,-80.2,2023-01,GBR,1,3.2
-16.6,-78.1,2023-02,PER,1,5.41
-7.6,-79.7,2023-02,AIA,1,0.82
-8.7,-79.8,2023-03,PER,1,1.66
-10.8,-78.2,2023-01,AIA,1,4.88
-13.8,-76.3,2023-03,PER,1,0.03
-15.3,-76.8,2023-03,PER,1,1.19
-11.5,-77.5,2023-01,SSD,1,0.71
-14.1,-77.5,2023-02,PER,3,3.44
-15.5,-76.8,2023-03,NA,1,8.42
-13.4,-76.6,2023-01,PER,8,9.33
-9.9,-78.5,2023-01,HND,1,0.32
-11,-77.9,2023-02,PER,5,8.73
-8.2,-79.5,2023-01,PER,12,17.21
-7.9,-79.4,2023-02,NA,1,0.33
-16.6,-77.7,2023-03,ECU,1,5.66
-11.7,-78.2,2023-02,PER,1,1.23
-14.8,-77.7,2023-02,PER,10,15.77
-7.7,-79.8,2023-01,NA,1,0.67
-16.9,-78.3,2023-03,PER,4,17.94
-9,-79,2023-01,AIA,1,0.92
-6,-82.2,2023-03,ECU,2,8.4
-14.1,-76.9,2023-01,PER,1,5.9
-7.7,-82.8,2023-03,ECU,1,4.89
-11.9,-77.8,2023-02,PER,1,1.81
-16.3,-77.7,2023-03,PER,1,3.25
-11.5,-77.4,2023-01,NA,1,0.95
-16.7,-72.8,2023-02,PER,1,0.51
-11,-78.8,2023-03,PER,1,0.58
-13.5,-78.5,2023-02,PER,1,0.06
-4.5,-81.5,2023-03,ECU,1,1.99
-10.1,-78.4,2023-02,PER,16,58.48
-19.3,-75.1,2023-03,PER,1,0.8
-8.1,-80.7,2023-03,PER,1,0.96
-14.7,-77.5,2023-02,PER,15,41.65
-6.9,-81.5,2023-03,ECU,1,1.01
-12.2,-77,2023-02,PER,1,0.25
-7.8,-79.7,2023-02,AIA,1,5.88
-15.3,-75.4,2023-03,PER,2,3.22
-14,-77.3,2023-02,PER,3,1.77
-14.9,-76,2023-01,PER,3,3.38
-7.8,-79.7,2023-02,GBR,1,1.98
-3.9,-82.1,2023-02,PER,1,3.98
-3.6,-81.2,2023-02,ECU,2,1.23
-16.4,-73.8,2023-02,PER,2,5.89
-7.8,-79.6,2023-01,PER,72,171.57
-15.1,-77.6,2023-02,PER,5,9.59
-12.5,-77,2023-03,NA,1,1.22
-14.3,-76.4,2023-03,NA,1,0.7
-11.7,-78,2023-03,PER,2,6.15
-6.9,-81.3,2023-03,PER,1,0.19
-15.8,-78,2023-03,ECU,2,7.62
-3.5,-80.8,2023-02,PER,1,0.29
-10.8,-78.4,2023-03,PER,2,4.36
-13.2,-77.4,2023-03,PER,1,0.32
-15.7,-77.6,2023-02,PER,7,11.97
-5.6,-82.6,2023-03,ECU,1,5.21
-10.8,-78.1,2023-02,PER,1,1.95
-12,-80.7,2023-02,PER,1,0.67
-7.6,-79.6,2023-01,PER,66,178.56
-17.2,-77.5,2023-02,NA,1,2.35
-12.4,-76.8,2023-03,USA,1,3.85
-15.2,-76.8,2023-02,PER,10,20.56
-10.3,-79.3,2023-02,PER,1,6.16
-11.1,-78,2023-03,PER,1,0.46
-15.6,-75.1,2023-03,PER,1,1.4
-14,-78.1,2023-02,PER,2,0.19
-6.6,-81.2,2023-01,PER,1,1.03
-8.6,-80.5,2023-02,PER,1,1.74
-11.1,-78.3,2023-01,PER,3,1.64
-11.3,-78.2,2023-03,PER,1,0.87
-17.1,-78.3,2023-02,PER,1,3.17
-17.7,-76.5,2023-03,ECU,1,0.37
-8,-79.3,2023-01,PER,27,63.76
-14.9,-75.6,2023-02,PER,2,1.49
-13.2,-77.8,2023-01,PER,2,3.26
-8.4,-79,2023-02,NA,1,1.21
-10.6,-78.7,2023-03,PER,1,0.62
-13.7,-76.6,2023-01,PER,46,75.08
-15,-75.7,2023-02,NA,1,1.61
-8.8,-79.1,2023-01,PER,2,7
-10.1,-80.9,2023-02,PER,2,9.35
-11.7,-77.3,2023-01,NA,1,9.94
-10.9,-79.3,2023-03,PER,1,0.39
-16.9,-77,2023-03,PER,3,6.08
-7.7,-79.8,2023-01,HND,1,4.45
-13.2,-77.2,2023-03,PER,1,0.24
-16.1,-77.8,2023-02,ECU,1,5
-8.6,-79.6,2023-01,PER,2,3.77
-12.5,-78.7,2023-03,PER,4,13.52
-8.4,-79.2,2023-01,PER,57,94.13
-10,-81.5,2023-02,PER,1,2.01
-8.5,-82.9,2023-03,ECU,1,0.31
-17.4,-71.5,2023-02,NA,1,0.77
-12.9,-79.5,2023-03,PER,1,1.37
-8.9,-79.3,2023-02,PER,1,3.33
-9,-79.2,2023-02,PER,1,3.66
-8.9,-80.2,2023-02,PER,1,3.5
-15.2,-77.2,2023-02,PER,11,52.25
-6.6,-80.8,2023-01,PER,61,224.22
-11.4,-78,2023-03,PER,1,0.59
-15.4,-78.8,2023-02,PER,1,8.03
-10.7,-77.9,2023-01,PER,16,41.82
-12,-78.2,2023-02,PER,1,1.44
-8.1,-79.4,2023-01,PER,75,232.74
-9.4,-78.8,2023-01,PER,3,2.03
-7.6,-79.7,2023-02,NA,2,4.15
-15.8,-75.5,2023-03,PER,1,0.24
-11.3,-78.6,2023-03,PER,1,1.54
-14.2,-77.1,2023-03,PER,2,1.39
-12.7,-77.9,2023-02,PER,1,0.53
-14.2,-77.4,2023-02,PER,1,0.24
-9.8,-78.4,2023-02,PER,5,2.48
-16.2,-78.3,2023-02,ECU,1,1.22
-11.7,-77.7,2023-01,PER,9,7.16
-9.3,-80.2,2023-03,PER,9,42.62
-7.6,-80,2023-03,PER,1,0.18
-14,-78,2023-02,PER,3,9.77
-15.6,-75,2023-03,PER,2,11.74
-11.1,-78.1,2023-03,PER,1,2.01
-17,-78,2023-03,ECU,1,0.52
-9.6,-78.9,2023-02,PER,1,1.43
-8,-79.4,2023-02,PER,4,2.08
-16.4,-78,2023-03,PER,1,0.64
-6.4,-81.5,2023-03,ECU,1,2.15
-10.8,-78,2023-02,PER,1,3.1
-5.6,-82.5,2023-03,ECU,1,4.62
-14.7,-78,2023-02,ECU,1,0.01
-11.7,-77.3,2023-03,PER,3,1.2
-12.2,-77.4,2023-03,PER,2,6.55
-9.3,-78.6,2023-02,PER,2,2.47
-14.7,-77.6,2023-02,PER,4,3.71
-9.3,-78.7,2023-01,GBR,1,0.08
-3.8,-81.9,2023-03,ECU,1,0.24
-17.3,-71.7,2023-03,PER,2,5.7
-8.4,-81.9,2023-03,NA,1,0.04
-17,-77.6,2023-03,PER,2,4.7
-9.8,-79.8,2023-02,PER,1,3.66
-14.2,-76.8,2023-02,PER,1,2.01
-6.1,-81.2,2023-01,PER,10,17.18
-4,-82.4,2023-02,PER,1,0.06
-7.5,-84,2023-03,ECU,1,0.21
-18.1,-70.9,2023-02,NA,1,0.6
-3.7,-83.5,2023-03,ECU,1,0.24
-11.4,-78.2,2023-02,PER,1,4.09
-7.1,-80.1,2023-03,PER,1,0.37
-16.5,-77.7,2023-03,ECU,2,0.9
-13.7,-76.8,2023-01,SSD,1,4.31
-6.1,-83.1,2023-01,PAN,1,0.56
-11.2,-77.8,2023-02,PER,4,15.99
-15.5,-75.2,2023-01,PER,1,1.53
-13,-76.7,2023-01,HND,1,3.32
-13.7,-77.5,2023-03,PER,1,0.28
-12.9,-76.8,2023-01,HND,1,1.46
-16.8,-78.4,2023-02,PER,1,7.75
-10.4,-78.7,2023-01,HND,1,0.35
-16.8,-78.1,2023-03,PER,2,4.94
-15.1,-77.2,2023-02,PER,6,11.78
-11.5,-77.5,2023-01,NA,4,10.52
-15.9,-77.9,2023-03,PER,2,12.03
-7.7,-79.6,2023-01,PER,73,247.95
-8.2,-79.4,2023-01,PER,40,63.57
-14.3,-76.5,2023-01,PER,1,0.86
-7.5,-79.7,2023-01,NA,3,4.85
-15.5,-77.7,2023-02,NA,1,2.69
-7.9,-79.6,2023-02,GBR,1,2.36
-15.3,-77.7,2023-02,PER,21,52.08
-7.9,-79.7,2023-01,PER,19,36.11
-14,-77.4,2023-01,PER,3,6.19
-10.2,-78.2,2023-02,PER,1,0.81
-16.5,-77.8,2023-03,PER,2,3.85
-16.7,-78.6,2023-03,ECU,1,0.12
-14.4,-77,2023-03,PER,3,6.17
-15.4,-77.1,2023-03,PER,10,27.5
-7,-80.4,2023-01,PER,7,5.86
-4.3,-81.7,2023-02,PER,1,1.13
-15.4,-77.4,2023-02,PER,5,12.11
-13.1,-77.2,2023-03,PER,1,0.21
-13.2,-79.2,2023-03,PER,1,0.25
-13.9,-77.9,2023-02,PER,1,3.93
-16.7,-77,2023-03,PER,3,23.27
-6.4,-81,2023-01,PER,14,22.61
-6.9,-80.1,2023-01,GBR,1,2.48
-12.4,-77.2,2023-01,NA,4,2.68
-11,-77.8,2023-01,PER,27,49.03
-12,-77.1,2023-01,PER,20,89.51
-14.9,-77.3,2023-03,NA,1,2.96
-18,-71.1,2023-02,PER,7,11.39
-13.1,-77.8,2023-01,PER,2,11.53
-14.9,-77.5,2023-02,PER,2,1.18
-8.1,-79.7,2023-02,HND,1,2.95
-6.9,-82.1,2023-02,PAN,1,0.18
-13.4,-76.2,2023-01,PER,1,1.04
-16.8,-77.5,2023-03,ECU,1,2.97
-13.6,-76.6,2023-01,PER,6,8
-15.5,-79,2023-03,ECU,1,0.35
-14,-77.1,2023-02,NA,1,2.1
-7.5,-79.9,2023-01,GBR,1,2
-16.6,-77.1,2023-03,ECU,1,0.49
-12.3,-77.6,2023-02,PER,1,2
-14.8,-77.1,2023-02,PER,4,10.59
-12.2,-77.3,2023-01,CHN,1,1.2
-10.9,-78,2023-01,AIA,1,0.89
-14,-76.6,2023-01,SSD,1,5.37
-4.4,-82.6,2023-03,ECU,1,0.74
-15.8,-78.6,2023-02,ECU,1,0.08
-14.3,-76.5,2023-03,NA,1,6.3
-14.8,-77.4,2023-03,PER,1,0.64
-7.5,-79.7,2023-03,PER,1,5.13
-12.3,-77.9,2023-03,PER,1,0.43
-13.4,-79.3,2023-03,ESP,1,1.94
-15.1,-77,2023-03,PER,1,0.99
-5.3,-81.5,2023-02,PER,1,17.53
-12,-77.3,2023-01,SSD,1,1.35
-7.9,-80,2023-02,PER,8,13.96
-15.5,-77.3,2023-02,PER,3,10.12
-16.2,-77.9,2023-02,ECU,1,2.61
-13,-77.8,2023-02,PER,1,2.64
-3.4,-81.4,2023-03,ECU,1,1
-13.9,-76.5,2023-01,PER,21,53.67
-9.4,-78.6,2023-01,HND,1,1.71
-3.5,-81.3,2023-02,ECU,1,0.22
-12.1,-77.1,2023-02,PER,1,12.33
-7.5,-80.2,2023-01,PER,1,0.01
-14.6,-77.6,2023-02,PER,4,12.12
-13.9,-78.2,2023-02,ECU,1,0.13
-12.9,-77.7,2023-02,PER,3,2.59
-14.4,-77.2,2023-02,PER,2,2.75
-12.1,-77.4,2023-03,PER,3,8.28
-15,-76.4,2023-03,PER,1,1.24
-13.4,-80.1,2023-02,ECU,1,0.72
-8.2,-79.1,2023-02,NA,2,3.54
-8,-79.7,2023-01,HND,1,1.8
-9.9,-78.4,2023-01,AIA,1,0.85
-13.5,-77.7,2023-01,PER,1,0.31
-7.4,-79.9,2023-01,PER,49,129.06
-9.7,-78.9,2023-02,PER,1,2.31
-14.3,-77.9,2023-02,PER,1,0.42
-15.7,-75,2023-03,PER,1,1.1
-4,-83.5,2023-03,ECU,1,0.14
-14.5,-77.6,2023-03,NA,1,3.74
-6.3,-81.3,2023-02,PER,1,0.3
-13.4,-76.2,2023-03,NA,1,0.47
-15.6,-77.5,2023-02,PER,3,4.13
-13.1,-77,2023-02,PER,7,9.89
-12.9,-76.6,2023-01,PER,15,32.71
-12.2,-77.3,2023-02,HND,1,0.17
-9.7,-81.1,2023-01,PER,1,2.18
-7.4,-80.1,2023-02,PER,1,3.15
-14.7,-77.8,2023-02,HND,1,1.71
-12.6,-77.9,2023-02,PER,1,1.21
-14.1,-77.4,2023-02,PER,1,4.3
-12.4,-77.2,2023-03,PER,3,7.99
-9.3,-78.8,2023-02,HND,1,1.71
-14.1,-77.1,2023-03,PER,2,2.33
-12.6,-77.6,2023-03,PER,1,0.96
-5.7,-81.2,2023-02,PER,2,1.23
-17,-78.3,2023-02,PER,1,1.28
-4,-81.8,2023-02,PER,1,1.34
-9.9,-78.4,2023-01,HND,1,13.26
-14.6,-76.3,2023-03,PER,1,3.53
-12.2,-78.8,2023-03,PER,7,9.58
-15.3,-76.6,2023-03,NA,1,1.97
-11.8,-77.8,2023-03,PER,1,3.78
-9.4,-78.6,2023-01,AIA,1,0.47
-13.3,-77.5,2023-02,PER,1,0.07
-13.4,-76.8,2023-01,NA,1,1.8
-11.6,-77.7,2023-01,PER,1,2.06
-16.6,-78.5,2023-03,PER,1,2.18
-14.5,-79.1,2023-03,ECU,1,1.27
-9.9,-78.4,2023-01,GBR,1,4.66
-12,-78.5,2023-02,PER,2,2.56
-3.5,-81.5,2023-02,PER,1,5.2
-9.1,-78.6,2023-03,PER,24,144.3
-16,-78,2023-03,ECU,1,0.25
-12.3,-79.4,2023-02,PER,1,3
-8.5,-79.4,2023-02,PER,1,1.41
-8.5,-79.1,2023-03,PER,1,0.32
-15.2,-77.5,2023-02,PER,9,19.51
-10.3,-78.2,2023-01,NA,1,2.55
-13.9,-76.7,2023-03,ECU,1,0.06
-15.3,-75.5,2023-03,PER,1,7.69
-14.7,-77.1,2023-03,PER,7,13.65
-14.7,-77.4,2023-02,PER,18,30.4
-6.9,-81.4,2023-03,ECU,1,5.61
-11.2,-77.7,2023-01,PER,18,46.8
-9.6,-79.2,2023-01,PER,1,1
-15,-78.9,2023-02,PER,1,4.32
-13.5,-78.1,2023-03,PER,1,0.28
-10.1,-78.5,2023-02,PER,3,3.99
-7.5,-79.9,2023-01,AIA,1,0.44
-9.4,-78.7,2023-02,PER,8,17.37
-16.3,-78.3,2023-03,PER,1,4.81
-10,-78.3,2023-02,PER,13,37.76
-12.3,-78.8,2023-02,PER,1,1.39
-12,-77.2,2023-03,ESP,4,155.68
-11.6,-80.7,2023-02,PER,1,0.28
-8,-79.6,2023-02,PER,11,12.91
-9.8,-78.6,2023-02,PER,1,1.6
-14.2,-77.6,2023-02,PER,1,1.25
-9.1,-82.4,2023-03,PAN,1,2.36
-17.7,-71.4,2023-02,PER,2,3.47
-7.5,-79.9,2023-01,HND,1,2.95
-7.2,-80.1,2023-01,AIA,1,2.5
-17,-72.3,2023-02,PER,1,0.26
-10.6,-78,2023-03,PER,2,1.72
-17.6,-77.6,2023-03,NA,1,1.56
-10,-81,2023-01,NA,1,1.26
-15.5,-78.4,2023-03,PER,1,0.84
-16.2,-78.8,2023-03,ECU,1,0.35
-18.1,-71,2023-02,PER,2,1.08
-16.8,-76.9,2023-03,PER,4,18.04
-17.8,-77,2023-03,NA,1,1.86
-12,-77.2,2023-02,HND,1,0.08
-8.9,-82.6,2023-03,PAN,1,3.8
-10.3,-78.2,2023-03,PER,1,1.5
-4.1,-81.7,2023-02,PER,1,0.87
-12.7,-76.8,2023-01,NA,2,3.36
-8.1,-79.6,2023-01,PER,51,91.48
-8.9,-79.2,2023-01,PER,1,1.75
-13.7,-77.8,2023-01,PER,1,7.12
-9.1,-78.6,2023-01,NA,1,1.32
-10.9,-78.4,2023-02,PER,1,0.11
-7.2,-81.4,2023-03,ECU,1,0.29
-9.2,-81.6,2023-03,ECU,1,0.06
-13.2,-76.6,2023-01,PER,3,2.75
-9.7,-78.5,2023-01,HND,1,9.66
-8.3,-79.1,2023-01,PER,83,307.57
-10.1,-81,2023-02,NA,1,1.11
-8.5,-79.1,2023-01,NA,2,2.16
-16.9,-78.4,2023-03,ECU,3,22.87
-7.7,-79.7,2023-02,AIA,1,3.63
-13.2,-77.7,2023-02,PER,1,1.03
-9,-78.9,2023-01,PER,7,11.15
-15.7,-77.2,2023-02,PER,2,3.9
-9.1,-80,2023-03,PER,1,1.09
-9.3,-79,2023-01,PER,3,8.52
-7.9,-79.6,2023-02,HND,1,9.41
-14.7,-76,2023-01,PER,23,36.03
-11.9,-78,2023-03,PER,1,2.47
-13.4,-78.3,2023-02,PER,1,0.74
-15.9,-78.8,2023-02,PER,1,1.01
-10.3,-80.6,2023-02,PER,1,3.02
-9.2,-82.8,2023-02,NA,1,2.91
-10.6,-78,2023-01,NA,1,1.58
-12.5,-78.2,2023-02,PER,1,0.18
-16.8,-77.3,2023-03,PER,1,2.17
-9.7,-78.5,2023-01,AIA,1,3.22
-7.6,-80.7,2023-03,PER,1,2
-10.6,-78.2,2023-02,PER,2,2.69
-16.7,-77.8,2023-03,ECU,1,0.39
-9.3,-80.5,2023-03,PER,1,0.44
-10,-78.5,2023-01,PER,1,0.83
-13.7,-76.4,2023-01,PER,4,3.41
-12.2,-77.2,2023-01,SSD,1,12.83
-5.8,-81.6,2023-01,ECU,1,1.48
-16.8,-77.2,2023-03,ECU,1,2.84
-15,-77.3,2023-02,PER,9,15.02
-17.9,-71.4,2023-02,PER,1,0.64
-7.2,-80.3,2023-01,PER,8,18.82
-9.2,-82.4,2023-03,PAN,1,0.49
-13.4,-76.5,2023-01,PER,25,41.36
-14.1,-77.6,2023-02,PER,1,0.78
-6.5,-80.7,2023-01,PER,27,53.48
-7.9,-83.1,2023-03,ECU,1,0.38
-11.5,-77.6,2023-01,SSD,1,0.91
-15.1,-78.1,2023-02,ECU,1,3.87
-14.9,-77.2,2023-02,PER,11,33.55
-12.7,-79.4,2023-03,PER,1,0.07
-17.8,-71.4,2023-02,NA,1,0.82
-11.4,-77.9,2023-01,PER,1,0.11
-13,-76.9,2023-03,PER,1,1.93
-13,-76.6,2023-02,PER,1,0.36
-16.1,-77.2,2023-03,PER,3,14.92
-15.7,-77.3,2023-02,ECU,1,1.02
-12.2,-78.3,2023-02,PER,1,0.21
-8.5,-79.7,2023-01,HND,1,0.57
-9.3,-78.7,2023-01,HND,1,4.17
-14,-76.5,2023-03,PER,2,0.94
-5.7,-81.3,2023-01,PER,5,4.85
-12.8,-77.6,2023-02,PER,3,5.88
-15.6,-77.8,2023-02,NA,1,3.29
-7.3,-80.1,2023-03,PER,1,0.91
-14.4,-76.9,2023-01,PER,6,32.08
-6.3,-81.8,2023-03,PER,1,3
-9.2,-79.3,2023-02,PER,1,2.01
-14.1,-76.5,2023-02,NA,1,2.35
-14.6,-77.4,2023-02,PER,7,18.34
-6.9,-83.4,2023-03,ECU,1,0.2
-12.1,-77.6,2023-03,PER,2,3.31
-14.8,-77.3,2023-02,GBR,1,5.28
-6.4,-80.9,2023-03,PER,1,0.22
-7.8,-79.7,2023-02,NA,3,11.7
-12.6,-76.8,2023-03,PER,1,2.23
-10.2,-78.5,2023-02,PER,2,2.66
-16,-78.5,2023-03,NA,1,3.16
-9.7,-80.3,2023-01,PER,1,4.17
-14.5,-76.2,2023-01,NA,2,3.98
-13.3,-76.4,2023-02,NA,1,3.72
-7.3,-83.5,2023-03,ECU,1,1.27
-11.1,-77.7,2023-01,PER,19,37.87
-15,-76.9,2023-02,PER,1,1.01
-12.8,-76.7,2023-01,PER,10,11.16
-17.6,-71.5,2023-01,PER,1,4.91
-9.2,-78.9,2023-02,PER,1,1.42
-12.5,-76.9,2023-01,SSD,1,1.46
-14.8,-77.9,2023-02,PER,1,1.85
-12.3,-77.4,2023-02,PER,1,1.24
-12.3,-77.1,2023-03,PER,1,9.91
-3.5,-81.2,2023-01,ECU,1,5.03
-12.8,-77,2023-01,SSD,1,1.7
-12.9,-77.8,2023-01,PER,1,0.23
-9.3,-78.7,2023-01,AIA,1,2.03
-16.3,-77.9,2023-03,PER,3,16.67
-7.8,-79.5,2023-01,PER,5,2.16
-15.3,-79.3,2023-03,ECU,1,0.09
-15.4,-76.7,2023-03,NA,1,1.85
-15.1,-77.5,2023-02,PER,3,5.38
-3.9,-82,2023-02,PER,1,0.57
-9.4,-82.4,2023-02,PER,1,1.16
-14.1,-76.7,2023-01,PER,2,0.55
-6.5,-81.6,2023-02,PER,1,0.98
-16.6,-78.2,2023-03,PER,1,1.21
-6.9,-80.3,2023-01,PER,44,101.05
-9.7,-78.4,2023-01,NA,2,5.5
-16.5,-76.6,2023-03,PER,1,12.63
-12,-77.9,2023-01,PER,1,0.52
-6.7,-80.6,2023-03,PER,1,3.62
-14,-76.5,2023-01,NA,1,0.86
-14.5,-77.4,2023-01,PER,1,1.02
-9.6,-78.5,2023-01,AIA,1,5.99
-17.5,-77.8,2023-03,PER,2,10.13
-10.9,-77.8,2023-02,PER,2,1.79
-5.7,-81.5,2023-02,PER,1,1.39
-12.4,-77.5,2023-03,PER,2,14.2
-14.9,-77,2023-03,PER,1,1.13
-16.4,-76.7,2023-03,PER,1,2.12
-14.6,-76,2023-01,PER,3,1.9
-11.8,-77.5,2023-01,PER,24,66.53
-6.8,-80.8,2023-01,PER,19,24.39
-11.9,-77.3,2023-01,SSD,1,3.68
-15.9,-76,2023-03,NA,1,2.03
-13.1,-77.7,2023-02,PER,1,0.98
-7,-80.6,2023-01,PER,14,35.63
-15.6,-77.2,2023-02,PER,6,7.11
-13.9,-77.4,2023-03,PER,1,0.7
-15.4,-77.6,2023-02,PER,16,52.58
-7.3,-80,2023-01,GBR,1,2.25
-13.8,-76.9,2023-01,PER,6,15.05
-8.7,-79.4,2023-01,PER,1,0.28
-10.7,-78,2023-01,NA,2,3.55
-6,-81.3,2023-01,PER,24,55.13
-13.5,-77,2023-01,PER,1,0.74
-13,-76.9,2023-01,NA,1,1.07
-12.5,-77.1,2023-01,PER,23,35.18
-15.3,-77.2,2023-03,PER,3,3.03
-7.2,-83.4,2023-03,ECU,1,0.16
-8.3,-79.3,2023-01,AIA,1,2.46
-12.3,-77.1,2023-01,NA,6,22.87
-14.4,-77.5,2023-02,PER,3,3.62
-12.9,-77,2023-02,PER,15,40.1
-14.5,-76.8,2023-01,PER,2,4.34
-17.8,-77.5,2023-03,ECU,1,0.17
-13.1,-76.6,2023-01,PER,1,1.22
-9.6,-78.5,2023-01,HND,1,0.08
-7.5,-79.8,2023-02,NA,1,2.45
-13.4,-77.9,2023-02,PER,1,1.6
-7.7,-79.4,2023-01,PER,18,35.18
-7.9,-79.8,2023-02,PER,17,30.32
-10.2,-78.3,2023-01,PER,34,89.83
-11.9,-77.4,2023-02,NA,1,2.24
-11.5,-77.8,2023-01,PER,2,10.31
-14.5,-76.2,2023-03,PER,1,0.34
-8.2,-79.6,2023-01,PER,6,14.96
-12.6,-76.8,2023-01,NA,1,2.46
-16.8,-77.1,2023-03,ECU,2,11.29
-5.9,-81.3,2023-01,PER,6,18.36
-14.9,-77.1,2023-02,PER,2,2.8
-12.4,-77.6,2023-02,PER,1,0.99
-15.1,-78.2,2023-02,ECU,1,6.38
-7.3,-79.7,2023-01,PER,15,14.96
-14.1,-77.7,2023-02,PER,4,6.88
-14.4,-76.5,2023-03,NA,1,7.23
-14.9,-77.4,2023-03,PER,5,9.16
-11.6,-77.4,2023-01,PER,32,88.61
-13,-76.7,2023-02,PER,4,2.79
-9.3,-82.6,2023-02,PER,1,1.83
-9.2,-79.9,2023-01,PER,1,0.37
-6.3,-81.1,2023-01,PER,12,27.25
-14.8,-76.9,2023-01,PER,2,8.86
-12,-77.5,2023-01,PER,12,13.42
-8.5,-79.6,2023-01,HND,1,2.56
-14.5,-77,2023-01,PER,1,3.07
-6.7,-80.5,2023-02,PER,3,2.19
-6.7,-80.7,2023-01,NA,1,0.88
-8.7,-79,2023-01,PER,5,6.16
-7.4,-80.3,2023-01,PER,1,1.81
-13.8,-76.5,2023-01,PER,47,98.3
-13.5,-77.4,2023-01,PER,1,0.6
-14.3,-77.2,2023-02,PER,2,6.81
-11.8,-77.9,2023-01,PER,2,1.94
-11.7,-80.6,2023-02,PER,1,1.33
-12.6,-77,2023-01,NA,7,18.01
-9.2,-80.4,2023-03,PER,3,6.1
-18.2,-70.9,2023-02,PER,1,0.06
-9.8,-78.4,2023-01,AIA,1,3.12
-11.2,-77.8,2023-01,AIA,1,4.15
-15.4,-78.1,2023-03,ECU,1,5.01
-14.4,-77.9,2023-02,PER,1,1.7
-16.7,-78,2023-03,ECU,1,3.96
-12.4,-77,2023-01,SSD,1,0.91
-16.5,-73.4,2023-02,NA,1,0.82
-7.8,-79.6,2023-02,NA,1,0.08
-8,-79.4,2023-01,HND,1,5.53
-14.5,-76.1,2023-01,NA,1,5.35
-17.1,-77.9,2023-03,PER,1,0.37
-13.2,-77,2023-01,HND,1,1.02
-11.9,-77.2,2023-01,PER,3,1.47
-13.5,-76.2,2023-03,PER,4,2.19
-9.2,-78.7,2023-03,PER,1,1.79
-12.3,-77.2,2023-03,PER,2,9.33
-17.6,-71.6,2023-02,NA,1,3.32
-12.1,-77.3,2023-01,PER,32,81.67
-9.8,-78.4,2023-01,HND,1,7.3
-6.8,-81,2023-01,PER,7,12.68
-15.4,-76.6,2023-03,NA,1,1.49
-11.9,-77.8,2023-03,PER,1,3.19
-13.5,-76.8,2023-01,PER,10,16.81
-9.3,-78.6,2023-01,AIA,1,0.37
-6.5,-81.7,2023-02,PER,2,5
-14.1,-76.6,2023-01,PER,11,11.99
-8.2,-79.3,2023-01,NA,3,10.52
-16.8,-78.5,2023-03,PER,3,9.01
-16.5,-76.7,2023-03,PER,4,31.78
-15.5,-76,2023-03,PER,1,2.39
-10.3,-78.7,2023-01,HND,1,0.2
-16.6,-78.1,2023-03,PER,1,2.51
-15.8,-77.9,2023-03,PER,1,7.16
-13.3,-77.4,2023-03,PER,1,1.06
-10.7,-78.1,2023-02,PER,2,2.81
-6.8,-80.4,2023-02,PER,1,2.16
-6,-81.9,2023-02,PER,1,1.72
-13.4,-76.9,2023-01,PER,2,1.43
-10.2,-79.3,2023-02,PER,1,0.87
-16.3,-78.4,2023-02,ECU,2,9.61
-15.3,-76.8,2023-02,PER,1,0.99
-16.3,-78.1,2023-03,ECU,1,4
-6.7,-80.3,2023-01,PER,19,23.59
-14.5,-77.8,2023-02,PER,17,59.83
-12,-77.3,2023-02,PER,9,7.76
-16.4,-76.6,2023-03,PER,1,0.16
-12.8,-76.8,2023-01,SSD,1,4.75
-15.4,-77.7,2023-02,PER,19,75.56
-17.9,-71.2,2023-01,NA,1,0.18
-7.4,-79.8,2023-01,NA,1,0.58
-7,-80.7,2023-01,PER,2,4.85
-14,-76.6,2023-02,PER,1,0.34
-10.6,-81.3,2023-02,PAN,1,0.11
-17.3,-77.8,2023-03,NA,1,1.48
-8.9,-78.9,2023-01,AIA,1,0.16
-5.9,-81.5,2023-02,PER,1,0.48
-15.3,-77.1,2023-03,PER,9,20.71
-13.8,-77.9,2023-02,PER,1,0.95
-15.3,-77.4,2023-02,PER,1,2.23
-12.5,-77.2,2023-01,PER,1,0.37
-7.8,-80.1,2023-02,PER,1,1.06
-7.9,-79.4,2023-01,PER,19,21.45
-14,-77.7,2023-01,PER,1,2.87
-7.7,-79.8,2023-02,PER,22,30.74
-12.3,-77.2,2023-01,NA,7,18.44
-9.2,-78.7,2023-01,NA,3,14.13
-15.5,-77.4,2023-02,NA,1,1.48
-12.1,-77.5,2023-02,PER,2,5.98
-12.2,-79.5,2023-02,PER,1,3.23
-14.1,-76.6,2023-03,NA,1,7.26
-11.5,-77.4,2023-02,PER,1,0.07
-8.2,-80.2,2023-03,PER,1,3.05
-5.2,-81.7,2023-02,PER,1,1.79
-14.8,-77.3,2023-03,NA,1,1
-13.6,-77.4,2023-02,PER,1,1.2
-13.4,-77.7,2023-03,PER,1,0.21
-15.1,-77.9,2023-02,PER,1,4.25
-7.8,-79.9,2023-01,PER,10,13.93
-14,-77.3,2023-03,PER,6,10.92
-14.8,-77.5,2023-02,PER,7,15.29
-14.6,-79.3,2023-03,ECU,1,6.63
-13.5,-76.2,2023-01,NA,3,13.45
-15.8,-78,2023-02,ECU,1,0.2
-15.2,-75.4,2023-03,PER,1,1.66
-15.6,-76.8,2023-03,PER,1,1.48
-8.2,-79.7,2023-01,PER,4,4.08
-16.6,-77.5,2023-03,ECU,1,0.18
-6.6,-80.9,2023-01,NA,1,2.58
-9.3,-78.8,2023-01,PER,3,1.96
-7.1,-79.8,2023-02,PER,1,0.56
-12.2,-77.3,2023-01,PER,33,64.19
-6.7,-81.4,2023-03,ECU,1,1
-9.9,-78.4,2023-02,PER,11,12
-9.1,-78.7,2023-03,PER,1,0.63
-8.1,-79.3,2023-01,NA,3,37.55
-9.2,-83,2023-02,NA,1,2.08
-10.5,-78.1,2023-01,PER,9,13.1
-16.9,-78,2023-03,ECU,2,5.88
-12.2,-77.7,2023-03,PER,1,1.71
-11.1,-77.8,2023-01,AIA,1,6.87
-13.5,-78.2,2023-03,PER,1,1.81
-10.9,-78,2023-02,PER,1,0.72
-9.4,-78.6,2023-02,PER,5,4.49
-8.6,-79,2023-01,PER,3,2.77
-8.3,-81.6,2023-02,NA,1,5.44
-8.8,-80,2023-03,PER,1,2.85
-16.9,-77.6,2023-03,PER,1,1.77
-9.1,-80.4,2023-03,PER,3,6.99
-12.7,-77,2023-01,NA,3,5.48
-8,-79.7,2023-02,PER,23,31.2
-14.2,-77.7,2023-02,PER,5,13.32
-8,-79.5,2023-01,NA,3,1.26
-16.5,-74,2023-03,PER,1,0.93
-11.1,-77.8,2023-01,HND,1,4.8
-11.7,-77.4,2023-01,PER,36,129.02
-8.5,-79,2023-02,PER,1,0.07
-15.2,-77.9,2023-02,PER,3,11.44
-13.7,-77.1,2023-03,PER,1,1.35
-14.5,-78.1,2023-03,PER,1,0.16
-8.1,-79.7,2023-01,PER,16,14.13
-8.1,-79.6,2023-02,GBR,1,1.28
-13.1,-78.3,2023-03,PER,2,1.18
-7.9,-79.7,2023-02,AIA,1,0.4
-9.1,-78.7,2023-01,NA,1,3
-8.1,-79.5,2023-02,NA,3,1.22
-6.1,-83.1,2023-02,ECU,1,1.37
-6.6,-80.9,2023-03,PER,1,3.49
-15.5,-77.5,2023-02,AIA,1,0.76
-7.6,-81.5,2023-03,NA,1,1.91
-10.1,-78.6,2023-03,PER,1,1.02
-8.3,-79.2,2023-01,PER,71,126.95
-8.1,-79.3,2023-03,PER,1,1.24
-16.8,-72.8,2023-01,PER,1,0.69
-7.7,-79.6,2023-02,AIA,1,0.31
-8.5,-79.2,2023-01,NA,1,0.24
-12.2,-77.5,2023-02,PER,1,1.79
-15.7,-77.1,2023-02,PER,2,1.68
-8,-79.5,2023-03,PER,1,0.23
-12.9,-78,2023-01,PER,1,0.33
-3.8,-82.6,2023-02,PER,1,4.48
-14.5,-77.6,2023-02,AIA,1,2.31
-12.8,-79.5,2023-03,PER,1,2.05
-9.8,-81,2023-01,PER,1,3.31
-8.8,-79.3,2023-02,PER,1,0.23
-3.9,-81.8,2023-02,PER,1,1.03
-10.3,-80.7,2023-02,PER,1,4.22
-12.5,-78.1,2023-02,PER,1,1.1
-8.8,-80.2,2023-02,PER,1,1.57
-6.3,-81.6,2023-03,ECU,1,1
-10.6,-78.1,2023-02,PER,4,5.78
-6.8,-82.1,2023-03,PER,1,2.01
-17.3,-77.3,2023-03,ECU,1,0.15
-5,-82.5,2023-02,PER,1,1.38
-9.9,-79,2023-01,PER,1,0.11
-11.3,-78,2023-03,PER,2,3.22
-12.7,-77,2023-03,PER,1,1.26
-8.2,-79.4,2023-02,HND,1,4.76
-10.1,-79.3,2023-02,PER,1,1
-12.2,-77.1,2023-01,SSD,1,0.26
-15.5,-77.5,2023-02,HND,1,0.14
-16.8,-78.2,2023-03,PER,3,38.2
-7.7,-79.6,2023-02,GBR,1,1.55
-7.7,-79.7,2023-01,PER,64,219.1
-14.9,-78.2,2023-02,ECU,1,0.99
-15.1,-77.1,2023-02,PER,2,1.73
-13.6,-77.6,2023-02,PER,1,0.04
-16.4,-77.8,2023-03,PER,3,26.69
-15.5,-79.1,2023-02,ECU,1,4.3
-14.5,-76.9,2023-03,PER,7,30.91
-6.7,-81.1,2023-01,PER,1,0.12
-14.8,-77,2023-03,PER,3,7.14
-12.3,-77.5,2023-03,PER,1,2.39
-7.9,-79.7,2023-02,GBR,1,2
-11.9,-77.5,2023-01,PER,13,15.8
-8.1,-79.6,2023-02,AIA,1,0.46
-15.5,-77.6,2023-02,NA,1,0.55
-7.9,-79.6,2023-01,PER,79,269.1
-7.7,-80.2,2023-03,PER,1,3.79
-15.3,-77.6,2023-02,PER,17,65.77
-6.1,-81.6,2023-03,ECU,1,1.98
-12.6,-77.1,2023-01,SSD,1,1.27
-11.5,-77.6,2023-02,PER,1,1.21
-13.9,-76.9,2023-01,PER,1,2.27
-8.2,-79.8,2023-02,PER,1,0.19
-15.6,-78,2023-03,ECU,1,1.19
-14.6,-77.5,2023-03,PER,7,7.49
-15.6,-77.9,2023-02,PER,2,0.33
-15.4,-77.2,2023-03,PER,3,6.2
-8.4,-79.3,2023-01,AIA,1,0.41
-12,-77.8,2023-03,PER,2,4.53
-7.5,-81,2023-03,PER,1,5.2
-12.4,-77.1,2023-01,NA,4,6.01
-5.5,-81.8,2023-02,PER,1,0.69
-12.8,-77,2023-02,PER,10,23.84
-6.6,-81.5,2023-03,ECU,1,1.41
-14.3,-77.5,2023-02,PER,5,11.89
-7.8,-83,2023-03,ECU,1,0.39
-18,-71,2023-01,NA,2,35.81
-9.7,-78.5,2023-02,PER,20,30.29
-12.5,-76.9,2023-02,PER,20,30.52
-14.5,-77.5,2023-02,NA,1,2.04
-17.8,-71.3,2023-02,PER,5,4.7
-13.3,-77.9,2023-02,PER,1,0.96
-12,-77.2,2023-01,PER,36,207.37
-6.2,-81,2023-01,PER,22,42.95
-17.9,-71.3,2023-02,NA,2,1.54
-13.9,-77.3,2023-01,PER,1,1.92
-14.5,-77.6,2023-02,GBR,1,4.17
-15,-77.4,2023-02,NA,1,4.14
-18,-71.2,2023-02,PER,2,3.24
-12.6,-77.5,2023-02,PER,1,0.98
-13.6,-76.7,2023-01,PER,5,6
-13.4,-76.3,2023-01,SSD,1,4.67
-16.6,-77.2,2023-03,ECU,3,12.45
-14,-77.2,2023-02,NA,1,1.98
-13.3,-76.5,2023-01,PER,20,57.06
-15.8,-78.7,2023-02,ECU,1,1.56
-16.7,-76.8,2023-03,PER,2,20.62
-13.5,-76.5,2023-01,NA,3,9.69
-5,-81.1,2023-01,PER,1,0.88
-17.6,-71.4,2023-02,NA,1,10.51
-7.5,-79.9,2023-02,PER,17,23.41
-14.8,-77.2,2023-02,PER,4,10.77
-11.3,-77.9,2023-01,PER,16,27.56
-12.6,-76.9,2023-01,PER,61,201.11
-16.3,-77.2,2023-03,PER,1,3
-11.9,-77.3,2023-02,PER,1,0.31
-10.2,-81.9,2023-03,NA,1,1.1
-3.4,-81.2,2023-02,ECU,2,4.03
-12.9,-77.6,2023-02,PER,2,3.53
-14.4,-77.1,2023-02,PER,3,4.48
-17.2,-71.9,2023-02,NA,1,5.76
-14.4,-77.4,2023-03,PER,1,0.45
-12.1,-77.2,2023-02,PER,1,49.18
-12.9,-77.9,2023-03,PER,1,0.28
-14.6,-77.7,2023-02,PER,5,12.69
-14.3,-76.9,2023-01,PER,3,18.43
-8.2,-79.2,2023-02,NA,3,3.35
-14,-77,2023-01,PER,1,0.23
-9.1,-78.9,2023-01,AIA,1,0.31
-5.4,-82.7,2023-02,ECU,1,0.06
-15,-77.2,2023-02,GBR,1,1.83
-12.6,-77.3,2023-01,PER,2,3.99
-7,-80,2023-01,PER,65,269.92
-13,-76.8,2023-01,PER,25,39.26
-13.4,-76.4,2023-02,NA,1,1.66
-8.7,-79.3,2023-01,NA,1,0.32
-9.2,-80.6,2023-03,PER,2,3.71
-12.9,-76.7,2023-01,PER,47,286.49
-7.2,-79.9,2023-01,PER,43,90.58
-14.1,-77.2,2023-03,PER,2,2.63
-12.4,-77.4,2023-02,PER,1,0.77
-14.9,-77.9,2023-02,PER,1,0.7
-14.9,-77.6,2023-03,PER,1,1.49
-12.4,-77.1,2023-03,PER,2,6.69
-14.4,-76.8,2023-03,PER,1,1.39
-5.5,-81,2023-01,PER,1,0.91
-9.4,-78.7,2023-01,AIA,1,1.97
-15.3,-76.7,2023-03,NA,1,2.33
-13.6,-76.3,2023-01,NA,1,2.27
-11.6,-77.6,2023-01,PER,7,3.46
-9.3,-82.4,2023-02,PER,1,8.47
-8.4,-79.5,2023-02,AIA,1,1.41
-15.5,-76.7,2023-03,PER,1,3.97
-16.6,-76.9,2023-03,PER,2,19.46
-11.5,-78.3,2023-03,PER,1,1.08
-17.1,-78.2,2023-02,NA,1,1.86
-17,-76.9,2023-03,NA,1,0.2
-9.5,-79.6,2023-03,PER,1,0.23
-8.4,-80.6,2023-03,PER,1,3.25
-8.8,-79.2,2023-01,PER,1,0.94
-13.7,-76.7,2023-01,PER,8,7.82
-4.1,-82.5,2023-03,ECU,1,2.56
-5.4,-82.8,2023-02,PER,1,1.08
-12.7,-77.5,2023-02,PER,3,5.44
-12.4,-76.8,2023-02,USA,1,20.26
-7.6,-79.9,2023-01,PER,37,90.65
-16.3,-78.4,2023-03,NA,1,3.29
-5.1,-81.1,2023-02,PER,1,19.47
-8.4,-79.1,2023-01,PER,69,199.77
-17,-78.4,2023-03,ECU,2,11.9
-15.6,-75.4,2023-03,PER,1,0.8
-11.1,-78,2023-02,PER,1,0.55
-9.6,-78.5,2023-02,PER,5,10.1
-6.6,-80.4,2023-02,PER,1,0.28
-16,-76.1,2023-03,NA,1,4
-3.7,-83.9,2023-03,ECU,1,0.15
-8.2,-79.6,2023-02,AIA,1,3.09
-14.7,-77.5,2023-03,PER,4,6.78
-12.2,-77,2023-03,PER,1,4.61
-15.8,-78.8,2023-02,PER,1,1.09
-13.3,-78.3,2023-02,PER,1,2.94
-5.6,-81,2023-02,PER,1,2.71
-15.7,-78,2023-03,ECU,1,2
-10.4,-80.6,2023-02,PER,1,4.34
-16.6,-77.3,2023-03,PER,1,7.02
-8.9,-80.4,2023-03,PER,4,4.78
-15.2,-77.1,2023-02,PER,2,2.76
-4.6,-82.6,2023-03,ECU,1,5.66
-17.4,-71.6,2023-01,PER,1,0.6
-10,-79,2023-03,PER,1,0.42
-3.5,-81.1,2023-02,PER,1,3.53
-17.5,-71.5,2023-02,NA,3,24.68
-8.1,-79.4,2023-02,GBR,1,0.03
-7.1,-80,2023-02,PER,4,0.85
-17.2,-72.1,2023-02,PER,3,7.72
-8.9,-79.9,2023-01,PER,1,2.7
-12,-78.4,2023-03,PER,1,0.1
-13.6,-77.8,2023-02,AIA,1,8.02
-5,-81.6,2023-03,ECU,1,2.09
-16.8,-72.7,2023-02,PER,1,1.71
-9.8,-78.4,2023-01,GBR,1,4.43
-12.4,-79.1,2023-03,PER,1,9.05
-14.2,-77.2,2023-03,PER,3,4.36
-12.4,-79.4,2023-02,PER,1,1.54
-9.3,-80.1,2023-03,PER,7,19.94
-15.5,-78.7,2023-03,PER,1,0.68
-11.7,-77.6,2023-01,PER,4,6.98
-4.7,-82.8,2023-02,PER,1,3.15
-11.5,-81,2023-02,PER,1,7.36
-8,-79.8,2023-01,PER,2,0.66
-6.6,-81,2023-01,PER,15,23.72
-10.4,-78.2,2023-01,NA,1,2.63
-9,-78.8,2023-01,NA,1,0.32
-11.1,-78.2,2023-03,PER,1,1.58
-9.1,-80.6,2023-03,PER,1,0.91
-9.9,-80.2,2023-03,PER,1,0.06
-15.4,-79,2023-02,PER,1,0.22
-17.7,-71.5,2023-01,NA,2,11.88
-8,-79.4,2023-01,GBR,1,12.58
-14.7,-77.7,2023-02,PER,6,5.88
-5.1,-82.7,2023-03,ECU,1,0.19
-9.3,-78.7,2023-02,PER,3,7.1
-8.3,-79.5,2023-01,PER,2,0.88
-17.3,-71.9,2023-02,PER,2,3.22
-8.3,-82.3,2023-02,ECU,1,0.19
-17,-77.7,2023-03,PER,1,18.36
-8.1,-79.2,2023-02,NA,2,11.64
-3.6,-81.8,2023-02,PER,2,3.39
-15.1,-75.6,2023-01,NA,2,2.32
-16.8,-78.3,2023-03,ECU,4,3.17
-16.8,-76.8,2023-03,NA,1,6.01
-9.5,-78.5,2023-01,PER,27,38.19
-13,-76.6,2023-01,HND,1,0.74
-11,-78,2023-01,PER,1,1.09
-9.6,-80.4,2023-03,PER,1,1.85
-12.7,-76.9,2023-01,PER,44,102.18
-10.3,-78.2,2023-02,PER,30,49.29
-15.2,-77.7,2023-02,PER,17,31.4
-17.1,-77.8,2023-03,ECU,1,4.21
-6.6,-80.3,2023-01,PER,6,5.53
-8.6,-83,2023-03,ECU,1,5.41
-3.5,-81.7,2023-02,PER,1,1.33
-6,-81.4,2023-01,HND,1,0.79
-11.4,-78.5,2023-03,PER,1,0.84
-12.2,-80.6,2023-02,ECU,1,0.6
-12,-78.7,2023-02,PER,1,0.16
-10.1,-78.7,2023-02,PER,1,0.41
-10.4,-79.3,2023-02,PER,1,0.58
-16.9,-78.1,2023-03,ECU,2,5.23
-10.5,-78,2023-01,PER,1,0.39
-8.1,-79.3,2023-01,GBR,1,7.99
-8.3,-79.4,2023-01,PER,6,4.82
-13.2,-76.9,2023-01,PER,4,8.09
-7.4,-80,2023-01,AIA,1,1.92
-8,-79.5,2023-01,GBR,1,2.42
-16.9,-77.5,2023-03,PER,1,0.51
-8.4,-79.7,2023-01,PER,1,1
-8.3,-81.5,2023-02,NA,1,3.14
-8.6,-79.1,2023-01,PER,5,2.11
-18.1,-71,2023-01,NA,1,0.76
-9.4,-78.5,2023-02,PER,2,2.27
-5.2,-82.3,2023-02,PER,1,4.63
-10,-81,2023-02,PER,1,20.72
-7.6,-79.8,2023-02,PER,13,19.13
-9.4,-81.8,2023-01,NA,1,5.94
-8.1,-81,2023-02,NA,1,5.58
-8,-79.6,2023-01,NA,2,2.32
-8.4,-79.3,2023-03,PER,2,3.77
-17.3,-71.8,2023-01,PER,1,1.27
-9.1,-78.6,2023-02,PER,24,65.92
-12.3,-79.1,2023-02,PER,1,3.01
-15.2,-77.3,2023-02,NA,1,2.12
-16.3,-75.4,2023-03,PER,1,8.13
-8.1,-79.5,2023-02,GBR,1,0.17
-11.6,-78.4,2023-03,PER,1,2.38
-16.5,-77.2,2023-03,ECU,2,10.66
-5.5,-82.5,2023-02,PER,1,0.33
-6.6,-80.7,2023-01,NA,2,3.57
-9.9,-81.3,2023-02,PER,1,8.93
-8.3,-79.1,2023-02,NA,3,5.16
-11.9,-80.6,2023-02,PER,1,0.33
-10.1,-78.3,2023-02,NA,1,6.07
-14.7,-77.4,2023-03,PER,5,4.65
-14.2,-76.5,2023-03,NA,1,1.42
-12.2,-77.9,2023-03,PER,1,12.47
-8.9,-80.5,2023-03,PER,1,1.35
-11.5,-79,2023-03,PER,1,0.62
-3.8,-81.4,2023-03,ECU,1,3.03
-10.1,-78.5,2023-03,PER,1,0.2
-8.1,-79.6,2023-02,NA,3,2.68
-12.7,-76.8,2023-02,PER,4,2.48
-15.5,-75.3,2023-03,PER,1,2.06
-12.5,-78,2023-02,PER,1,0.24
-9.8,-81.1,2023-01,PER,1,6.06
-12.3,-77.3,2023-02,HND,1,1.05
-14.8,-77.8,2023-02,HND,1,8.84
-14.5,-77.5,2023-02,AIA,1,0.85
-9.1,-80.2,2023-03,PER,2,0.99
-8.4,-79.3,2023-01,NA,1,0.27
-3.8,-82.5,2023-02,PER,1,0.18
-8,-79.9,2023-02,PER,12,21.59
-16.6,-78.3,2023-02,ECU,1,0.24
-15.2,-76.6,2023-03,NA,1,3.85
-12.3,-78.8,2023-03,PER,8,21.15
-12,-77.2,2023-02,ESP,1,17.41
-10.8,-78.5,2023-02,PER,2,4.42
-16.3,-78.5,2023-03,NA,1,5.25
-15.5,-77.6,2023-02,HND,1,6.16
-10,-78.7,2023-01,PER,1,1.4
-14.2,-77.9,2023-02,PER,1,1.37
-14.1,-79.9,2023-02,PER,1,11.78
-4.1,-82.4,2023-03,ECU,1,2.31
-9.4,-81.2,2023-01,PER,1,3.09
-5,-82.6,2023-02,PER,1,5.8
-13.5,-77.9,2023-02,AIA,1,5.94
-14.9,-75.7,2023-02,PER,7,6.91
-6.8,-82,2023-03,PER,1,5.02
-16,-77.9,2023-03,PER,1,4.7
-13.3,-77.2,2023-03,PER,1,2.85
-6.8,-80.2,2023-02,PER,7,15.71
-12,-77.6,2023-01,PER,9,10.17
-16.5,-76.9,2023-03,PER,3,6.21
-6.3,-81,2023-01,PER,50,194.31
-9.3,-82.5,2023-02,PER,1,8.9
-17.9,-76.9,2023-03,ECU,1,6.37
-16.3,-78.2,2023-02,ECU,1,4.23
-6.5,-80.5,2023-01,PER,2,9.13
-14.9,-77,2023-02,PER,7,15.87
-8.2,-81,2023-02,NA,1,4.79
-16.8,-77,2023-03,ECU,2,13.36
-13.4,-76.7,2023-01,PER,8,17.26
-15.4,-77.9,2023-02,PER,7,16.87
-17.9,-71.4,2023-01,NA,2,8.25
-13.9,-77.1,2023-03,PER,1,2.32
-17.8,-71.4,2023-01,PER,2,20.61
-13.3,-77.8,2023-01,PER,2,4.13
-13,-76.6,2023-01,NA,3,6.36
-16.7,-73,2023-02,PER,2,1.57
-6.8,-82.1,2023-02,PAN,1,0.16
-11.8,-77.3,2023-01,NA,3,7.76
-8.7,-79.1,2023-01,PER,7,8.4
-13.8,-76.6,2023-01,PER,40,108.05
-14,-76.7,2023-03,PER,1,1.5
-17.6,-71.7,2023-01,PER,1,0.08
-13.2,-77.1,2023-01,HND,1,5.87
-7.8,-80.2,2023-03,PER,1,0.98
-7.3,-83.7,2023-03,ECU,1,1
-15.3,-77.2,2023-02,PER,14,49.9
-12.5,-77.4,2023-01,PER,1,0.29
-13.1,-76.9,2023-01,PER,11,49.91
-10.8,-77.9,2023-01,PER,46,91.82
-8.2,-79.3,2023-01,GBR,1,5.37
-12.4,-77.1,2023-01,SSD,1,1.75
-16.5,-77.3,2023-03,PER,1,1.71
-16.7,-78.1,2023-03,ECU,1,1.59
-14.4,-77.5,2023-03,PER,1,1.75
-6.7,-81.3,2023-03,PER,1,0.49
-4.7,-81.5,2023-02,PER,1,1.75
-7.9,-79.8,2023-03,PER,1,8.34
-3.6,-81.1,2023-02,ECU,1,2.96
-10.4,-78.2,2023-01,HND,1,1.94
-16.8,-78.6,2023-03,PER,1,0.35
-7.8,-79.6,2023-02,GBR,1,0.93
-14.1,-76.5,2023-01,PER,1,0.76
-5.4,-81.3,2023-01,PER,2,3.86
-3.6,-81.4,2023-03,ECU,1,2.96
-15.1,-77.7,2023-02,PER,3,2.35
-15.9,-77.4,2023-03,PER,1,2.12
-7.8,-79.7,2023-01,PER,37,65.18
-13.3,-76.4,2023-01,PER,24,90.85
-17.6,-71.5,2023-02,NA,3,9.11
-7.4,-79.8,2023-01,GBR,1,2.42
-16.3,-78,2023-03,ECU,2,2
-7.3,-79.9,2023-01,PER,46,80.65
-14.9,-77.2,2023-03,PER,3,3.59
-15,-77.3,2023-03,PER,8,12.66
-5.1,-81.1,2023-01,ESP,1,0.95
-11.8,-77.3,2023-03,PER,1,1.47
-13,-76.9,2023-02,PER,8,37.26
-16.6,-78,2023-03,PER,1,5
-13.4,-76.3,2023-01,NA,3,5.63
-15.3,-78.6,2023-03,ECU,1,0.07
-9.7,-78.4,2023-02,PER,8,14.76
-12.8,-77.9,2023-02,PER,2,5.46
-14.3,-77.4,2023-02,PER,2,1.75
-12.4,-77.3,2023-01,PER,3,5.13
-7.2,-79.8,2023-02,PER,4,3.93
-14,-76.5,2023-02,PER,1,1.5
-6.5,-82.9,2023-01,PAN,1,0.39
-11.6,-77.8,2023-03,PER,1,1.17
-14.4,-76.6,2023-01,PER,1,0.15
-10.9,-77.8,2023-01,NA,2,3.71
-9.2,-80.2,2023-03,PER,8,39.01
-7.7,-79.4,2023-02,NA,1,0.02
-7.5,-79.8,2023-01,PER,67,206.96
-15.5,-77.8,2023-02,PER,9,25.08
-14.6,-77.4,2023-03,PER,4,7.9
-14.1,-76.5,2023-03,NA,1,1.79
-14.4,-77.7,2023-02,PER,7,7.26
-12.1,-77.6,2023-02,PER,3,6.45
-4.8,-81.4,2023-02,PER,1,0.32
-4.3,-82.6,2023-03,ECU,1,0.25
-13.5,-76.4,2023-03,PER,2,7.81
-15,-76.9,2023-03,PER,1,2.24
-11.9,-77.4,2023-01,PER,33,78.89
-12.6,-76.8,2023-02,PER,16,27.12
-8.2,-79.6,2023-02,NA,1,1.16
-7.8,-80,2023-02,PER,1,0.18
-17.1,-77.7,2023-03,PER,1,2.34
-15.3,-77,2023-03,PER,1,1.22
-9.2,-78.7,2023-01,GBR,1,2.67
-12.3,-77.4,2023-03,PER,2,12.84
-8.2,-79.5,2023-02,GBR,1,4.47
-15.1,-77.3,2023-02,NA,1,2.52
-14.8,-77.6,2023-02,PER,1,2.16
-9.2,-78.6,2023-02,PER,2,3.59
-12.4,-76.9,2023-01,PER,51,116.34
-16.3,-77.6,2023-03,PER,1,1.23
-12.3,-77.2,2023-01,HND,1,0.76
-9.2,-78.7,2023-01,HND,1,0.26
-12.4,-80.3,2023-02,PER,1,4.15
-7.6,-80,2023-02,PER,12,20.98
-18.3,-70.8,2023-01,NA,1,0.06
-5.5,-81.6,2023-03,ECU,1,2
-14.5,-77,2023-03,AIA,1,1.29
-11.1,-78.1,2023-02,PER,1,0.3
-12.8,-79.4,2023-03,PER,1,2.02
-8.4,-79,2023-01,PER,27,44.81
-15.8,-77.3,2023-02,ECU,1,7.01
-15,-75.7,2023-01,PER,1,0.15
-12.3,-78.3,2023-02,PER,1,4.97
-14.9,-75.8,2023-01,PER,4,6.1
-12.7,-77,2023-01,SSD,1,2.28
-16.4,-77.9,2023-03,ECU,2,2.2
-9.9,-78.3,2023-01,PER,25,33.59
-14.7,-77.9,2023-02,PER,4,8.51
-5.6,-81.1,2023-02,PER,1,8.38
-7.1,-79.9,2023-01,PER,55,151.23
-15.7,-78.1,2023-03,ECU,1,5.15
-9.3,-78.6,2023-03,PER,1,0.5
-12.2,-77.1,2023-03,PER,2,2.88
-4,-82.1,2023-02,PER,1,6.8
-9.2,-78.7,2023-01,AIA,1,0.72
-15.5,-77.4,2023-02,AIA,1,2.19
-7.6,-81.4,2023-03,NA,1,1.01
-8.1,-79.4,2023-02,NA,1,0.11
-17,-77.9,2023-03,PER,2,17.04
-17.2,-72,2023-02,PER,5,31.75
-8.9,-82.3,2023-03,ECU,1,0.26
-7.4,-79.8,2023-01,HND,1,0.25
-16.3,-75.6,2023-03,PER,1,1.09
-6.8,-81.4,2023-03,ECU,1,0.99
-7.1,-80.1,2023-02,PER,1,1.4
-7.1,-80.4,2023-03,PER,1,1.43
-17.5,-71.6,2023-02,NA,2,2.21
-17.4,-71.5,2023-01,PER,2,1.96
-11.2,-77.8,2023-03,PER,1,1.18
-13.6,-79.5,2023-02,PER,1,1.28
-15.2,-77,2023-02,PER,1,0.28
-9.8,-80.3,2023-01,PER,1,0.16
-6.7,-82.1,2023-03,PER,1,1.92
-10.4,-78.4,2023-03,PER,1,1.58
-6.2,-81.6,2023-03,ECU,1,1.98
-10.4,-78.1,2023-02,PER,9,11.38
-11.7,-77.5,2023-01,PER,24,53.38
-9.1,-79,2023-01,PER,1,0.94
-16.6,-76.7,2023-03,PER,1,11.55
-9.1,-82.8,2023-02,ECU,1,2.53
-8.4,-79.8,2023-02,PER,1,2.23
-12.4,-79,2023-03,PER,1,0.81
-8,-79.4,2023-01,NA,4,19
-13.7,-76.9,2023-01,PER,1,2.35
-10.8,-78.2,2023-02,PER,2,3.87
-7.6,-79.7,2023-01,PER,86,288.23
-15.7,-77.7,2023-02,PER,9,8.26
-12.6,-77,2023-01,AIA,1,3.16
-9.8,-78.4,2023-01,NA,4,16.72
-16.4,-78.2,2023-03,PER,1,1.52
-3.8,-82.2,2023-02,PER,1,0.18
-11,-77.9,2023-01,AIA,1,2.23
-9.1,-80.5,2023-03,PER,3,8.15
-4.7,-84.4,2023-03,ECU,1,0.18
-17,-78.2,2023-03,ECU,1,2.33
-15.4,-75.6,2023-03,PER,1,2.63
-16.8,-77.8,2023-03,PER,1,1.13
-6.6,-81.1,2023-01,PER,8,23.22
-8.2,-79.3,2023-01,HND,1,4.29
-15.1,-75.5,2023-01,NA,2,6.28
-10.3,-78.3,2023-01,PER,16,26.29
-8.9,-80.2,2023-03,PER,2,2.02
-14.8,-75.9,2023-01,NA,2,3.18
-7.8,-79.6,2023-02,AIA,1,2.46
-9,-80.3,2023-03,PER,7,37.79
-16.7,-76.9,2023-03,ECU,1,2
-12.2,-77.1,2023-01,NA,2,4.19
-9.3,-78.6,2023-01,NA,3,3.85
-11,-78.1,2023-01,PER,3,3.4
-9.5,-78.6,2023-01,PER,21,40.24
-15.2,-77.2,2023-03,PER,1,0.88
-15.4,-78,2023-02,NA,1,1.54
-8.9,-79.7,2023-01,PER,1,0.07
-9,-80.7,2023-01,PER,1,6
-9.9,-78.5,2023-02,PER,3,0.68
-6.7,-81.5,2023-03,ECU,1,1.89
-10,-80.9,2023-02,NA,1,8.06
-9,-79.8,2023-01,PER,1,0.31
-14.8,-77.1,2023-03,PER,6,11.81
-11.7,-78.6,2023-03,PER,1,0.32
-7.5,-79.7,2023-02,PER,21,59.85
-14.8,-77.4,2023-02,PER,9,14.71
-15.5,-79,2023-02,ECU,1,6.31
-6.7,-81,2023-01,PER,23,64.82
-17.4,-72,2023-02,PER,1,0.28
-7.9,-79.7,2023-02,NA,1,1.22
-13.7,-79.5,2023-02,PER,1,7.91
-15.1,-77,2023-02,PER,4,9.55
-12.8,-76.8,2023-03,PER,1,0.12
-11.1,-77.8,2023-03,PER,1,8.41
-12.1,-77.1,2023-03,PER,2,20.9
-3.5,-81.3,2023-03,ECU,2,2.12
-15.6,-78.1,2023-03,ECU,1,0.11
-14.6,-77.9,2023-02,PER,4,6.29
-12.1,-77.4,2023-02,PER,8,7.9
-14.4,-77.2,2023-03,PER,1,0.07
-7.7,-79.6,2023-02,NA,1,0.27
-5,-81.8,2023-02,PER,1,2.97
-11.5,-77.5,2023-02,PER,1,0.28
-12.6,-77,2023-01,SSD,1,0.26
-7.9,-79.5,2023-01,PER,61,197.13
-15.3,-77.5,2023-02,PER,13,28.57
-12.7,-78.3,2023-03,PER,1,1.56
-15.8,-76.1,2023-03,NA,1,12.22
-11.9,-77.6,2023-01,PER,13,19.15
-13.5,-76.6,2023-03,PER,1,3.15
-7.4,-79.7,2023-02,GBR,1,0.62
-12,-77.1,2023-02,NA,1,0.11
-15.3,-78.1,2023-02,ECU,1,0.89
-7.8,-83.1,2023-03,ECU,1,0.3
-14.3,-77.6,2023-02,PER,6,8.52
-15.6,-77.3,2023-02,NA,1,2.02
-11.2,-78.1,2023-02,PER,2,6.73
-18,-71.1,2023-01,NA,2,9.6
-17.4,-77.6,2023-03,NA,1,1.35
-6.4,-81.2,2023-01,PER,2,2.15
-9.9,-82.1,2023-02,PER,1,0.12
-12.4,-77,2023-01,NA,3,10.15
-12.9,-76.9,2023-01,PER,8,9.53
-16.7,-77.2,2023-03,PER,1,0.89
-13.4,-76.2,2023-02,NA,1,0.1
-3.9,-81.4,2023-03,ECU,1,0.98
-9.1,-78.7,2023-01,HND,1,0.22
-15,-77.8,2023-02,PER,4,5.16
-7.4,-80.1,2023-03,PER,1,0.51
-14.9,-77.7,2023-02,PER,15,36.44
-14.1,-77.4,2023-03,PER,1,2.34
-16.3,-78.5,2023-02,ECU,1,2.06
-17,-78.3,2023-03,PER,1,0.98
-15.5,-76.9,2023-03,PER,6,11.88
-6.2,-81.1,2023-01,PER,23,82.82
-17.5,-77.7,2023-03,NA,1,2.24
-7.7,-81.2,2023-03,NA,1,1.91
-11.8,-77.8,2023-02,PER,2,2.76
-6.4,-81.8,2023-03,PER,1,4.65
-15.1,-77.2,2023-03,PER,8,14.51
-13.6,-77.7,2023-03,PER,1,1.65
-16.9,-78.4,2023-03,NA,1,0.63
-7.7,-79.9,2023-01,PER,2,2.38
-3.7,-81.3,2023-01,ECU,1,3.27
-13.4,-77.1,2023-03,PER,1,11.53
-16.8,-78.4,2023-03,PER,2,15.47
-13.5,-76.6,2023-01,NA,2,2.27
-15.4,-76.8,2023-03,PER,2,4.07
-8.2,-79.2,2023-02,GBR,1,1.51
-14.4,-79.3,2023-03,ECU,1,0.04
-6.6,-80.9,2023-01,AIA,1,2.3
-8.2,-79.1,2023-01,PER,59,120.23
-13.3,-76.6,2023-01,PER,26,43.73
-13.8,-77.2,2023-03,PER,1,1.91
-7.7,-80.1,2023-02,PER,1,0.9
-14,-77.1,2023-01,PER,1,0.91
-7.8,-79.8,2023-02,PER,32,88.29
-15.2,-75.5,2023-01,NA,1,2.42
-7.5,-80,2023-01,PER,18,25.05
-16.9,-76.9,2023-03,ECU,1,2
-14.4,-77,2023-02,PER,1,2.22
-12,-81,2023-02,ECU,1,1.15
-14.9,-76.9,2023-02,NA,1,3.14
-17.8,-77,2023-03,ECU,1,0.76
-13.9,-76.7,2023-01,PER,9,8.29
-6.5,-83,2023-03,PAN,1,0.5
-9.2,-80.5,2023-03,PER,2,4.63
-6.9,-80.4,2023-01,GBR,1,1.4
-6.6,-80.9,2023-01,HND,1,2.76
-14.6,-76.5,2023-01,PER,1,2.39
-6.8,-80.3,2023-01,PER,57,130.5
-17.7,-76.6,2023-03,NA,1,0.05
-9.8,-78.5,2023-01,AIA,1,5.01
-13.9,-77.6,2023-02,PER,1,2.38
-4.2,-81.4,2023-02,PER,1,0.71
-15.4,-77.1,2023-02,PER,5,7.53
-7,-80.1,2023-01,PER,60,175.1
-15.4,-77.4,2023-03,PER,2,2.94
-15.6,-77.7,2023-02,PER,9,17.21
-12.3,-77.2,2023-01,SSD,1,4.72
-13.8,-76.4,2023-01,PER,5,5.21
-15,-77,2023-01,PER,3,4.22
-15.7,-75.2,2023-03,PER,1,0.91
-14.8,-76,2023-01,PER,24,39.14
-11.6,-77.5,2023-01,PER,36,86.34
-6.9,-80.8,2023-01,PER,2,0.87
-9.2,-79,2023-01,PER,1,1.9
-15,-77.2,2023-02,NA,1,1.1
-6.7,-80.4,2023-02,PER,4,7.38
-7,-79.9,2023-02,PER,4,6.18
-12,-77.4,2023-01,PER,69,144.75
-5.5,-81.1,2023-01,PER,5,7.62
-7.4,-80,2023-01,GBR,1,3.1
-8,-79.5,2023-01,AIA,1,0.22
-12.4,-77,2023-03,PER,2,2.12
-14.4,-76.4,2023-03,NA,1,6.01
-14.9,-77.5,2023-03,PER,3,9.47
-5.7,-81,2023-02,PER,1,4.23
-12.9,-76.6,2023-02,NA,1,0.07
-8.2,-79.1,2023-02,PER,3,11.41
-8.2,-79.2,2023-01,GBR,1,6.89
-14.4,-77.2,2023-02,NA,1,0.58
-14.6,-77.6,2023-02,NA,1,1.43
-15.3,-77.3,2023-02,PER,6,9.9
-7.7,-79.9,2023-02,PER,1,8.96
-7.7,-79.6,2023-03,PER,1,1.99
-15.5,-77.3,2023-02,NA,1,1.65
-5.6,-81.6,2023-03,ECU,1,2
-15.6,-76.9,2023-03,PER,1,3.83
-14.6,-77.5,2023-02,GBR,1,5.46
-7.5,-80,2023-02,PER,18,38.54
-10.1,-81.6,2023-02,PAN,1,0.05
-14.4,-77,2023-01,PER,3,8.83
-14.8,-77.4,2023-03,NA,1,0.49
-14.3,-76.5,2023-03,PER,1,1.45
-11.2,-79,2023-03,PER,1,0.97
-7.9,-80.8,2023-03,PER,1,0.15
-7.8,-79.8,2023-01,PER,3,4.33
-15.1,-77.8,2023-02,PER,5,18.15
-14,-77.4,2023-03,PER,1,0.91
-7.9,-79.7,2023-03,PER,1,2.66
-14.5,-76.5,2023-03,NA,1,1.98
-14,-77.1,2023-02,PER,1,1.36
-12.5,-77.6,2023-02,PER,1,2.03
-5.4,-81.2,2023-01,PER,3,3.75
-13.5,-77.5,2023-02,PER,1,0.08
-15,-77,2023-02,PER,2,1.97
-7.2,-80,2023-01,PER,32,38.2
-13.4,-76.8,2023-01,PER,19,58.04
-16.3,-78.3,2023-02,ECU,1,5.43
-13.8,-76.4,2023-02,PER,1,0.23
-15.3,-76.9,2023-02,PER,1,0.24
-10.2,-79.4,2023-02,PER,1,3.77
-15.3,-76.6,2023-03,PER,4,19.88
-10.7,-78.3,2023-03,PER,1,0.07
-6.4,-81,2023-03,PER,1,1.04
-13.3,-77.3,2023-03,PER,1,1.39
-6.8,-80.3,2023-02,PER,9,19.92
-12.9,-76.6,2023-01,NA,2,2.87
-5.7,-81,2023-01,PER,1,2.87
-17.3,-77.9,2023-03,NA,1,0.45
-6.7,-80.4,2023-01,PER,49,160.64
-12,-77.1,2023-03,PER,14,111.57
-14.5,-77.6,2023-03,PER,7,18.66
-7,-79.9,2023-01,PER,22,24.51
-15.5,-78.1,2023-03,ECU,1,3.21
-12.8,-76.9,2023-01,SSD,1,2.09
-14.5,-77.9,2023-02,PER,4,4.33
-5.5,-81.1,2023-02,PER,1,0.15
-12,-77.4,2023-02,PER,10,22.84
-16,-77.9,2023-03,ECU,3,9.75
-9.2,-79,2023-02,PER,1,0.76
-7.4,-79.9,2023-01,NA,2,8.21
-11.6,-77.5,2023-02,PER,1,2.63
-12.5,-77,2023-01,SSD,1,4.47
-6.5,-81.1,2023-01,PER,2,0.35
-17.1,-77.8,2023-03,PER,2,16.01
-7.4,-81.2,2023-03,PER,1,0.34
-15.1,-77,2023-01,PER,2,30.43
-14.4,-77.8,2023-02,PER,9,23.13
-14.5,-76.5,2023-01,PER,3,2.11
-12,-77.1,2023-03,JPN,1,1.22
-13,-77.2,2023-02,PER,1,0.1
-15.5,-77.7,2023-02,PER,12,21.26
-7.5,-79.7,2023-01,PER,83,251.05
-9.7,-79.7,2023-02,PER,1,6.55
-7.9,-79.5,2023-02,PER,14,34.95
-13.8,-77,2023-01,PER,3,6.61
-16.9,-78.1,2023-03,PER,2,4.27
-7.7,-79.6,2023-01,NA,3,18.95
-16.9,-78.4,2023-02,PER,1,0.04
-11.5,-77.5,2023-01,PER,24,54.03
-9.2,-78.8,2023-01,GBR,1,4.01
-16.8,-78.1,2023-03,NA,1,7.53
-12.1,-77.4,2023-01,PER,11,10.23
-6.9,-80,2023-01,PER,24,30.55
-5.6,-82.2,2023-02,PER,1,6.88
-12.9,-76.6,2023-03,PER,1,3.62
-16.9,-77.5,2023-03,ECU,1,2.94
-12.2,-78.2,2023-03,PER,1,0.4
-12.9,-76.9,2023-02,PER,12,42.43
-15,-77.2,2023-03,PER,1,0.11
-7.4,-79.9,2023-03,PER,1,0.47
-12.8,-77.1,2023-01,PER,4,2.01
-14.3,-77.6,2023-01,PER,1,1.72
-11.2,-78.1,2023-01,PER,1,0.45
-18,-71.1,2023-02,NA,1,2.49
-9.7,-78.6,2023-01,PER,5,1.62
-7.4,-79.7,2023-01,GBR,1,1.04
-12.4,-77.8,2023-03,PER,1,0.99
-14.9,-77.3,2023-03,PER,5,5.05
-12,-77.1,2023-01,NA,1,4.46
-13.3,-80.3,2023-03,ECU,1,0.2
-11.8,-77.8,2023-01,PER,4,5.62
-6.8,-80.5,2023-01,PER,21,32.02
-9.2,-80.3,2023-03,PER,8,55.38
-11,-77.8,2023-01,NA,1,0.13
-11.6,-77.7,2023-03,PER,1,0.82
-12.4,-77.2,2023-01,PER,29,62.34
-14.1,-77.1,2023-01,PER,1,1.31
-15.4,-77.4,2023-02,NA,1,2.67
-13.5,-77.3,2023-01,PER,1,0.58
-5.2,-82.2,2023-02,PER,1,0.44
-13.7,-76.6,2023-03,PER,1,1.56
-13.6,-78.9,2023-02,PER,1,11.06
-4.4,-81.5,2023-03,ECU,1,2.02
-11.7,-77.5,2023-02,PER,1,1.3
-7.8,-79.6,2023-01,HND,1,0.18
-12.3,-78.5,2023-02,PER,3,7.08
-10.4,-78.1,2023-01,PER,21,32.48
-6.6,-81.4,2023-03,PER,1,1.43
-10.1,-79.4,2023-02,PER,1,0.71
-8.4,-79.2,2023-03,PER,1,2.74
-15.3,-78.9,2023-02,PER,1,1.58
-5.4,-82.1,2023-02,PER,1,1.57
-12,-77.2,2023-03,PAN,1,2.27
-3.7,-82.6,2023-03,ECU,1,0.97
-15,-79,2023-02,PER,1,7.14
-9.4,-81.7,2023-01,NA,1,2.07
-7.6,-79.7,2023-02,PER,12,23.29
-10.8,-78.2,2023-01,PER,8,16.35
-11.8,-77.7,2023-01,ECU,1,0.37
-3.4,-81.6,2023-02,PER,1,4.7
-8.7,-81.4,2023-03,PAN,1,0.7
-10.2,-81.6,2023-02,PAN,1,0.07
-14.7,-77.5,2023-02,GBR,1,0.82
-8.3,-79.6,2023-02,PER,4,4.05
-15.2,-77.8,2023-02,PER,10,24.09
-10.3,-78.3,2023-02,PER,1,0.41
-9.9,-78.5,2023-01,PER,13,19.97
-18.1,-70.9,2023-02,PER,3,6.22
-8.1,-79.2,2023-01,GBR,1,0.11
-13.8,-77.6,2023-02,AIA,1,2.14
-15.3,-77.4,2023-03,AIA,1,1.4
-15.1,-75.7,2023-01,PER,7,10.65
-8.1,-79.4,2023-03,PER,1,0.57
-13.3,-78.6,2023-02,PER,1,4.16
-17,-77.6,2023-03,NA,1,5.27
-14.6,-77,2023-03,AIA,1,0.31
-6,-82.4,2023-02,PER,1,1.33
-9.5,-78.6,2023-02,PER,10,14.41
-16.6,-73.1,2023-02,PER,1,0.09
-16.3,-77.9,2023-02,ECU,1,1.89
-10.1,-78.8,2023-02,PER,1,1.25
-12.3,-78.7,2023-03,PER,8,24.55
-9.1,-79.2,2023-03,PER,1,0.38
-9.3,-82.5,2023-02,ECU,2,4.24
-8.4,-79.2,2023-01,NA,1,0.25
-9.1,-80.3,2023-03,PER,3,5.48
-7.6,-80,2023-01,PER,8,13.55
-9.4,-78.8,2023-03,PER,1,1.49
-9.2,-82.5,2023-02,NA,1,1.84
-8.2,-79.5,2023-01,HND,1,0.11
-14.2,-77.1,2023-01,PER,1,2.03
-16.8,-77,2023-03,PER,4,24.5
-4.7,-82.1,2023-02,PER,1,3.06
-9.1,-80.7,2023-01,PER,1,5.71
-11.7,-77.3,2023-01,PER,16,32.28
-15,-75.7,2023-02,PER,6,9.8
-10,-78.8,2023-01,PER,1,0.35
-9.4,-81.3,2023-01,PER,1,4.09
-11.1,-78.1,2023-01,PER,3,1.13
-9.6,-78.6,2023-01,PER,27,55.59
-8.1,-79.4,2023-01,NA,3,4.23
-10.7,-77.9,2023-01,NA,2,2.41
-8.2,-79.5,2023-01,AIA,1,0.53
-15.4,-77.5,2023-02,HND,1,5.17
-12.8,-78.2,2023-02,PER,1,3.64
-9.6,-79.7,2023-02,PER,1,0.86
-12.2,-77.4,2023-01,PER,3,0.66
-5.6,-81.1,2023-01,PER,4,2.85
-6.6,-80.8,2023-01,NA,1,7.21
-16.5,-77.3,2023-03,ECU,1,6.05
-7.1,-79.9,2023-02,PER,4,11.4
-9.3,-78.9,2023-01,PER,1,1.23
-9.1,-78.8,2023-01,GBR,1,2.95
-9.9,-78.3,2023-02,PER,2,2.24
-8.9,-80,2023-01,PER,2,0.26
-3.6,-81.1,2023-02,PER,1,0.35
-14.4,-77.6,2023-02,AIA,1,1.38
-5.2,-81.6,2023-03,ECU,1,2
-17.4,-71.5,2023-02,PER,2,1.78
-7.1,-80.1,2023-01,PER,46,172.63
-17.2,-72,2023-01,PER,1,0.71
-9,-80.5,2023-03,PER,7,17.36
-13,-76.9,2023-01,PER,26,39.32
-13.4,-76.3,2023-02,NA,2,2.67
-16.7,-77.3,2023-03,PER,1,1.8
-16.5,-78.1,2023-03,ECU,1,5.42
-10.7,-78,2023-01,PER,26,58.97
-13.3,-77,2023-01,PER,1,0.22
-15.4,-77.6,2023-02,NA,1,0.08
-13.9,-77.1,2023-02,NA,1,1.76
-15.6,-77.2,2023-02,NA,1,2.66
-7.3,-79.9,2023-02,PER,1,2.77
-11.8,-77.5,2023-01,NA,1,4.34
-7.7,-81.3,2023-03,NA,1,1.8
-15.4,-79.1,2023-02,ECU,1,6.14
-15.4,-77.5,2023-02,GBR,1,4
-14.4,-76.9,2023-03,PER,2,2.26
-12.2,-78.7,2023-02,PER,4,8.66
-17.1,-72.1,2023-02,PER,3,7.52
-16.1,-77.8,2023-03,PER,2,1.72
-17.5,-77.8,2023-03,NA,1,6.38
-12.4,-77.3,2023-02,PER,1,1.43
-14.9,-77.8,2023-02,PER,14,27.42
-7.2,-79.8,2023-01,PER,53,108.72
-14,-76.5,2023-01,PER,10,16.49
-9.7,-78.4,2023-01,PER,11,18.98
-15,-77.7,2023-02,PER,7,16.5
-6.9,-80.3,2023-01,NA,1,3.34
-7.3,-80.1,2023-01,PER,24,35.44
-14.3,-77.4,2023-01,PER,1,3.92
-9.1,-78.8,2023-01,HND,1,0.35
-12.8,-77.9,2023-01,PER,1,1.97
-13.3,-76.7,2023-01,SSD,1,3.48
-12.6,-76.8,2023-01,PER,18,26.84
-11.3,-77.8,2023-01,PER,25,40.97
-11.9,-77.4,2023-02,PER,1,0.48
-17.6,-71.5,2023-03,PER,1,0.2
-13.4,-76.4,2023-01,SSD,1,8.87
-17.2,-78.2,2023-02,NA,1,12.14
-12.1,-77.6,2023-01,PER,4,2.46
-6.4,-80.9,2023-01,PER,20,22.65
-7.7,-79.4,2023-01,NA,1,0.4
-16.7,-76.9,2023-03,PER,3,15.94
-7.5,-79.8,2023-02,PER,20,44.26
-14.3,-76.8,2023-01,PER,1,0.26
-14.9,-76.1,2023-03,PER,1,1.73
-9.1,-78.8,2023-01,AIA,1,2.24
-14.4,-77.5,2023-02,NA,2,2.82
-8.2,-79.5,2023-01,GBR,1,0.35
-12.3,-77.1,2023-01,PER,48,123.13
-14.5,-78.7,2023-03,ECU,1,5.17
-15.4,-78.8,2023-03,ECU,1,1.4
-3.5,-81.2,2023-03,ECU,2,7.16
-12.5,-77.1,2023-01,NA,4,6.96
-5.8,-83.6,2023-03,ECU,1,0.25
-13.7,-78.1,2023-02,PER,5,11.9
-15.1,-76.9,2023-03,PER,2,18.3
-14.9,-77,2023-01,PER,3,6.29
-7.5,-81.6,2023-03,NA,1,2.38
-14.8,-76.5,2023-03,PER,1,0.42
-15.6,-77.8,2023-02,PER,10,22.55
-14.3,-77.1,2023-02,NA,1,1.91
-13.1,-77.3,2023-02,PER,2,0.42
-14.5,-77.4,2023-03,PER,1,8.77
-6.7,-80.6,2023-01,PER,18,23.66
-12,-77.6,2023-02,PER,2,2.21
-14.5,-77.1,2023-02,PER,2,2.4
-6.8,-80.2,2023-01,PER,52,157.76
-15.5,-78.9,2023-03,ECU,2,2.09
-7.7,-81.7,2023-03,PER,1,0.43
-14.7,-77.5,2023-02,HND,1,2.35
-15.3,-76.4,2023-03,PER,1,1.05
-6.7,-82.7,2023-01,PAN,1,0.45
-6,-81.3,2023-03,PER,1,2.64
-13.5,-77,2023-03,PER,1,0.25
-15,-77.5,2023-03,PER,3,10.06
-17.8,-71.4,2023-02,PER,4,1.94
-14.9,-77.2,2023-02,NA,1,1.75
-12.2,-78.5,2023-03,PER,1,0.15
-11.8,-77.5,2023-03,PER,1,7.05
-13.3,-77.8,2023-02,PER,1,1.8
-6.5,-80.7,2023-01,NA,1,5.38
-13.4,-76.5,2023-01,NA,1,7.28
-9.2,-82.7,2023-02,ECU,1,0.08
-6.9,-80.7,2023-01,PER,1,0.08
-10.1,-81.4,2023-02,PAN,1,0.15
-16.4,-77.9,2023-03,PER,2,3.13
-14.5,-76.8,2023-03,PER,1,2.59
-9.4,-82.4,2023-02,NA,1,0.05
-15.2,-77.4,2023-02,AIA,1,0.12
-15.4,-76.7,2023-03,PER,5,9.87
-13.1,-76.9,2023-02,PER,4,4.86
-6.9,-81.6,2023-02,PER,1,1.87
-10.8,-77.9,2023-02,PER,2,4.06
-12.5,-77.1,2023-03,PER,1,0.64
-13.8,-77.7,2023-01,PER,2,4.66
-12.5,-77.4,2023-02,PER,1,1.67
-4.5,-81.6,2023-02,PER,1,0.08
-14,-77.9,2023-02,PER,1,4.41
-15.1,-77.3,2023-03,PER,4,5.2
-7.6,-79.6,2023-01,HND,1,1.51
-5.4,-83,2023-03,ECU,1,0.25
-9.7,-79,2023-02,PER,1,0.47
-3.7,-81.2,2023-01,ECU,1,4.51
-12.8,-76.7,2023-01,NA,2,6.39
-17.6,-71.5,2023-01,NA,1,5.17
-11.1,-77.7,2023-01,NA,1,3.23
-11.5,-77.8,2023-03,PER,1,0.7
-3.5,-81,2023-02,ECU,1,0.56
-13.3,-76.4,2023-02,PER,1,0.09
-14.5,-76.2,2023-01,PER,6,9.65
-10.7,-79.1,2023-03,PER,2,6.41
-6.7,-81.7,2023-02,PER,1,1.34
-8.2,-79.6,2023-03,PER,1,2.45
-11.8,-77.4,2023-01,SSD,1,1.7
-6.5,-83.4,2023-03,ECU,1,0.12
-7.8,-79.7,2023-02,PER,52,137.25
-7.8,-79.6,2023-01,GBR,1,7.33
-14.1,-76.5,2023-02,PER,3,1.41
-14.2,-76.7,2023-03,PER,1,5.6
-9.8,-79.7,2023-03,PER,1,2.49
-9.2,-78.8,2023-01,AIA,1,6.7
-15.2,-79.2,2023-03,ECU,1,3.68
-17.7,-77.5,2023-03,ECU,1,8.89
-8.5,-79.1,2023-01,PER,21,22.96
-10.1,-81,2023-02,PER,2,10.75
-8.3,-79.1,2023-01,NA,3,17.83
-16.8,-78.4,2023-03,ECU,2,9.31
-3.6,-81.9,2023-02,PER,2,1
-12.5,-76.8,2023-02,USA,1,4.14
-8.9,-79,2023-02,PER,1,2.31
-14.9,-77.6,2023-02,HND,1,3.47
-9.1,-78.6,2023-01,PER,18,14.08
-17.3,-71.8,2023-02,PER,1,2.68
-8.1,-79.5,2023-01,GBR,1,2.06
-11.9,-79.4,2023-02,PER,1,0.34
-16.9,-72.4,2023-02,PER,1,0.91
-6.6,-80.5,2023-01,PER,33,68.29
-12.7,-76.8,2023-01,PER,46,97.87
-16.7,-78.6,2023-02,PER,1,2.78
-13.9,-78,2023-02,PER,3,7.51
-16.9,-76.9,2023-03,PER,1,2.45
-12.2,-77.6,2023-01,PER,1,0.18
-12,-77.2,2023-01,ESP,2,27.21
-12.1,-78.7,2023-02,PER,2,2.24
-18.3,-70.7,2023-01,NA,1,3.31
-9.2,-78.8,2023-01,HND,1,0.07
-8.5,-83,2023-03,ECU,1,3.7
-7.4,-79.7,2023-01,AIA,1,3.91
-10.6,-78,2023-01,PER,25,75.55
-16.9,-77.3,2023-03,PER,1,2.45
-14.7,-76,2023-01,NA,1,0.33
-10,-78.7,2023-02,PER,1,0.05
-11.8,-77.4,2023-01,AIA,1,1.84
-9,-80.2,2023-03,PER,5,31.15
-10.6,-79.1,2023-03,PER,3,12.94
-8.1,-79.9,2023-02,PER,1,1.68
-14.4,-80,2023-02,PER,1,3.95
-8.9,-80.3,2023-03,PER,1,0.57
-6.3,-84.1,2023-03,ECU,1,2.74
-14.7,-77.4,2023-02,NA,1,1.81
-10.1,-78.3,2023-03,PER,1,2.92
-10.3,-78.2,2023-01,PER,44,110.08
-14.6,-77.5,2023-02,AIA,1,2.05
-8.1,-79.3,2023-02,GBR,1,6.78
-15.7,-76.1,2023-03,PER,1,1.41
-8.3,-79.4,2023-02,PER,1,1.54
-15.2,-77.5,2023-02,NA,1,1.71
-15.4,-78.7,2023-03,PER,1,0.83
-15.1,-77.4,2023-02,AIA,1,2.43
-9,-80.8,2023-01,PER,1,0.71
-16.2,-77.9,2023-03,PER,1,0.5
-15.6,-77.6,2023-02,HND,1,4.98
-15.2,-77.3,2023-03,PER,5,8.02
-6.1,-81.5,2023-03,PER,1,1.46
-14,-79.9,2023-02,PER,1,0.45
-6.7,-80.8,2023-01,HND,1,4.25
-10.9,-78.1,2023-01,PER,2,2.08
-18.1,-71,2023-02,NA,1,2.44
-9.4,-78.5,2023-01,PER,1,0.55
-10.1,-79.9,2023-03,PER,1,0.1
-6.6,-81.9,2023-02,PER,1,0.1
-16.6,-76.8,2023-03,PER,3,36.16
-14.1,-77,2023-03,AIA,1,1.08
-9,-78.6,2023-02,PER,5,28.72
-17.7,-71.4,2023-02,NA,1,1.44
-9.1,-82.7,2023-02,ECU,1,1.3
-11.5,-78.4,2023-03,PER,1,4.95
-16.7,-77.2,2023-03,ECU,1,5.48
-7.6,-80.3,2023-03,PER,1,0.37
-7,-80.2,2023-01,AIA,1,0.15
-16.8,-77.7,2023-03,PER,1,8.01
-8,-79.6,2023-02,NA,2,0.32
-17.2,-77.1,2023-03,PER,1,0.09
-8.2,-79.2,2023-01,HND,1,9.02
-8.8,-79.9,2023-03,PER,1,2.01
-16.9,-77.7,2023-03,NA,1,1.21
-15.2,-76.9,2023-03,PER,1,1.31
-17,-78.3,2023-03,ECU,3,10.73
-13.6,-78.1,2023-02,PER,1,0.94
-6.7,-80.8,2023-01,AIA,1,1.57
-5.8,-81.6,2023-03,ECU,2,1.31
-16.4,-78.3,2023-03,PER,1,3.97
-10,-78.3,2023-02,NA,1,0.99
-15.7,-77.8,2023-02,PER,1,9.49
-13.2,-77.3,2023-02,PER,1,0.06
-7.6,-79.8,2023-01,PER,48,139.37
-15.9,-74.7,2023-03,PER,1,1.18
-10.9,-77.9,2023-01,AIA,1,2.11
-16.3,-78.3,2023-03,NA,1,1.17
-3.5,-80.6,2023-02,PER,1,0.7
-12.3,-78,2023-03,PER,1,0.16
-8,-79.8,2023-02,PER,6,10.95
-12.3,-78.9,2023-03,PER,1,0.64
-4.4,-81.9,2023-02,ECU,1,1.18
-15.8,-77.9,2023-03,ECU,1,3.98
-9.1,-79.1,2023-02,PER,1,5.22
-12.3,-78.6,2023-02,PER,4,10.16
-6,-81.6,2023-03,ECU,1,0.95
-10,-78.4,2023-03,PER,1,0.68
-8.5,-78.9,2023-03,PER,1,0.3
-7.6,-79.6,2023-01,NA,3,2.34
-14.8,-77.9,2023-02,HND,1,1
-13.7,-76.5,2023-03,PER,2,5.54
-15.2,-76,2023-03,PER,1,3.99
-17.7,-71.7,2023-01,PER,1,1.14
-10.3,-79.5,2023-03,PER,1,0.57
-15,-75.6,2023-03,PER,1,1.85
-17.7,-71.5,2023-02,NA,2,8.51
-8,-79.4,2023-02,GBR,1,0.81
-12.8,-76.7,2023-01,HND,1,1.36
-14.7,-76.9,2023-03,PER,1,2.08
-17,-72.1,2023-02,PER,1,32.34
-16,-77.8,2023-03,PER,2,3.07
-9.8,-78.8,2023-02,PER,2,1.66
-14.2,-77.8,2023-02,PER,5,12.6
-10.4,-78.2,2023-02,NA,1,2.27
-5.9,-82.1,2023-02,PER,1,0.12
-8.1,-79.2,2023-01,NA,2,2.07
-16.3,-75.3,2023-03,PER,1,1.29
-15.2,-77.4,2023-02,NA,1,2.03
-17.3,-71.9,2023-01,PER,2,2.53
-8.3,-79.5,2023-02,PER,8,19.99
-11.6,-78.3,2023-03,PER,1,0.63
-16.2,-77,2023-03,PER,1,0.11
-12.2,-77.2,2023-01,PER,63,213.93
-9.3,-78.7,2023-01,PER,27,44.74
-3.4,-81.5,2023-02,PER,1,0.74
-5.7,-82.2,2023-02,PER,1,6.31
-12.7,-76.9,2023-02,PER,4,2.08
-14.7,-77.5,2023-02,NA,1,9.78
-8.5,-79.7,2023-01,PER,1,0.2
-11,-78,2023-02,PER,1,0.41
-9.5,-78.5,2023-02,PER,5,3.78
-6.5,-81.5,2023-03,ECU,1,0.99
-4.9,-81.5,2023-03,ECU,1,3.01
-11.1,-77.7,2023-01,AIA,1,2.16
-14.7,-77.3,2023-03,PER,2,1.44
-12.2,-77.8,2023-03,PER,2,2.77
-13.4,-76.5,2023-01,HND,1,1.78
-9.9,-78.6,2023-01,PER,1,3.34
-16.8,-77.1,2023-03,PER,2,11.07
-9.2,-82.6,2023-02,NA,1,5.33
-13.4,-78.1,2023-02,PER,2,0.66
-5.7,-81.6,2023-03,ECU,1,2.03
-16.9,-77.1,2023-03,NA,1,3.87
-8.9,-81,2023-01,NA,1,6.68
-8.8,-79.2,2023-02,PER,2,2.33
-15.4,-75.3,2023-03,PER,1,1.22
-15,-75.6,2023-01,NA,1,1.89
-9.3,-82.6,2023-02,ECU,2,1.13
-9.6,-78.5,2023-01,PER,48,76.45
-6.9,-80.3,2023-01,AIA,1,4.62
-13.8,-78.2,2023-02,PER,8,24.41
-10.8,-78.4,2023-01,PER,1,2.97
-7.6,-79.9,2023-02,PER,13,31.15
-13.7,-76.5,2023-01,NA,3,5.61
-5.1,-81.1,2023-01,PER,1,27.59
-14.2,-77.2,2023-02,NA,1,2.17
-7.9,-79.8,2023-02,AIA,1,1.65
-16.7,-78,2023-03,PER,2,5.65
-10.2,-78.3,2023-01,AIA,1,0.17
-8.9,-80.1,2023-01,PER,1,0.1
-13.1,-78.2,2023-03,PER,1,0.25
-15.7,-76.7,2023-03,PER,2,3.72
-6,-81.3,2023-01,HND,1,1.33
-5.6,-81,2023-01,PER,1,0.07
-13.4,-77.9,2023-02,AIA,1,1.36
-8.1,-79.8,2023-01,PER,1,1.84
-17.1,-77.9,2023-03,ECU,1,8.25
-8.2,-79.6,2023-01,AIA,1,4.55
-9.5,-81.2,2023-01,PER,1,2.78
-6.6,-80.4,2023-01,PER,29,63.45
-9,-80.6,2023-03,PER,2,1.75
-10.4,-79.1,2023-03,PER,1,0.27
-8.3,-80.2,2023-01,PER,1,0.13
-8.1,-79.4,2023-01,GBR,1,13.79
-15.3,-77.2,2023-03,AIA,1,1.71
-13.2,-76.8,2023-01,PER,4,2.9
-8.3,-79.3,2023-01,PER,33,36.15
-7.1,-80,2023-01,PER,47,92.97
-9.1,-81.7,2023-01,NA,1,3.27
-13.7,-77.6,2023-01,PER,3,3
-3.6,-81,2023-02,PER,1,2.47
-9.1,-78.8,2023-01,NA,3,5.45
-11.8,-77.5,2023-01,SSD,1,0.21
-13.5,-76.3,2023-03,PER,1,1.87
-11.9,-77.3,2023-01,PER,35,130.18
-12.6,-76.9,2023-02,PER,37,88.84
-4.6,-82.1,2023-02,PER,1,2.41
-14.6,-77.5,2023-02,NA,2,10.63
-5,-81.4,2023-03,PER,1,1.74
-5,-81.1,2023-02,PER,1,0.64
-15.5,-77.9,2023-02,PER,4,8.17
-7.5,-79.9,2023-01,PER,70,212.5
-14.6,-77.3,2023-03,PER,1,2.06
-8.2,-79,2023-02,PER,1,0.54
-13.3,-76.5,2023-02,PER,1,0.88
-8,-79.6,2023-02,HND,1,6.02
-8.2,-79.2,2023-01,NA,3,25.33
-9.5,-78.8,2023-03,ECU,1,1.78
-13.3,-76.7,2023-01,NA,1,0.61
-13.5,-76.7,2023-01,PER,1,0.08
-14.3,-76.9,2023-02,PER,1,2.97
-7.5,-80.4,2023-03,PER,1,3.9
-17.2,-71.9,2023-01,NA,1,6.76
-12.1,-77.2,2023-01,PER,3,22.5
-12.3,-77.3,2023-03,PER,7,11.97
-9.2,-78.8,2023-03,PER,1,1.05
-15.1,-77.4,2023-02,NA,1,4.03
-5.1,-81.6,2023-03,ECU,1,1.92
-11.8,-77.4,2023-03,PER,2,4.28
-12.9,-76.7,2023-02,PER,2,1.06
-17.8,-71.5,2023-02,PER,5,11.43
-14.6,-76.9,2023-03,PER,7,11.88
-7,-80,2023-02,PER,3,9.08
-13.4,-76.4,2023-01,NA,2,9.42
-15.3,-76.5,2023-03,PER,2,7.93
-12.6,-77.3,2023-02,PER,1,1.54
-7.3,-79.8,2023-01,PER,50,100.41
-15,-77.4,2023-03,PER,13,22.12
-7.2,-80.1,2023-01,PER,17,21.86
-5.9,-81.2,2023-01,PER,1,0.75
-4.5,-82.6,2023-03,ECU,1,1.75
-12.3,-76.9,2023-03,PER,3,23.8
-15.5,-78,2023-03,ECU,1,2.82
-5.5,-81,2023-02,PER,1,4.21
-14.5,-77.5,2023-03,PER,7,12.17
-13.8,-78.3,2023-02,ECU,1,0.06
-8,-79.6,2023-02,AIA,1,2.97
-12.8,-77.8,2023-02,PER,2,1.5
-15.6,-77.6,2023-02,NA,1,2.65
-14.3,-77.3,2023-02,PER,1,5.89
-5.7,-81.1,2023-01,PER,3,1.98
-7.4,-80.2,2023-01,PER,1,0.2
-10.8,-77.8,2023-01,PER,7,4.48
-13.1,-76.8,2023-01,PER,9,14.23
-8.2,-79.4,2023-01,GBR,1,0.21
-6.8,-81.7,2023-02,PER,1,4.32
-10.5,-81.6,2023-03,ECU,1,0.18
-6.7,-81.4,2023-03,PER,2,11.56
-13.3,-76.7,2023-03,PER,1,3.01
-7.7,-79.7,2023-02,PER,38,68.78
-9.2,-78.8,2023-01,NA,3,2.26
-15.1,-77.1,2023-01,PER,1,5.68
-12.3,-77.3,2023-01,NA,4,6.78
-7.7,-79.6,2023-01,GBR,1,1.15
-6.5,-81,2023-01,PER,2,4.79
-8.2,-79.8,2023-01,PER,2,0.91
-13.5,-76.3,2023-01,NA,2,3.66
-13.9,-76.6,2023-03,PER,1,1.24
-11.5,-77.6,2023-01,PER,6,2.23
-13.2,-78.2,2023-03,PER,1,0.34
-16.9,-78,2023-03,PER,1,0.02
-14,-77.2,2023-03,PER,1,2.01
-7.9,-79.6,2023-02,PER,15,14.58
-13.8,-77.1,2023-01,PER,1,4.78
-14.8,-77.2,2023-03,NA,1,3.07
-7.9,-79.7,2023-01,GBR,1,3.23
-17.6,-71.4,2023-03,PER,1,97.46
-8.1,-79.6,2023-01,AIA,1,3.03
-15.3,-77.7,2023-02,GBR,1,3
-15.3,-76.7,2023-02,PER,10,15.66
-10.9,-77.9,2023-03,PER,2,1.29
-12.5,-76.9,2023-01,PER,48,132.61
-14.3,-77.5,2023-01,PER,2,1.94
-12.8,-77,2023-01,PER,17,37.31
-8.3,-79.1,2023-01,HND,1,2.14
-9.7,-78.5,2023-01,PER,28,51.62
-11.2,-78,2023-01,PER,3,1.74
-16.9,-77.6,2023-03,ECU,1,4.45
-14.1,-77.2,2023-02,NA,1,0.49
-15.4,-77.4,2023-02,GBR,1,0.35
-6.4,-81,2023-01,GBR,1,0.14
-16.5,-76.8,2023-03,PER,2,12.94
-13.6,-76.5,2023-01,NA,2,4.26
-6.9,-80.1,2023-01,PER,47,118.02
-13.4,-76.4,2023-03,PER,1,0.51
-14.1,-77,2023-01,PER,2,5.93
-9.1,-82.6,2023-02,NA,1,1.01
-11.8,-77.4,2023-01,NA,3,13.05
-9,-78.9,2023-01,AIA,1,3.63
-17.9,-71.3,2023-01,NA,1,5.41
-3.5,-82.2,2023-02,PER,1,0.77
-15.4,-77.8,2023-02,PER,9,23.14
-7,-80.8,2023-01,PER,1,0.1
-7.4,-79.7,2023-01,NA,1,1.24
-16.5,-78.5,2023-02,ECU,1,0.36
-6.7,-80.2,2023-01,PER,5,10.22
-17.8,-71.3,2023-01,PER,2,9.58
-12,-77.2,2023-02,PER,31,249.11
-6.8,-80.6,2023-01,PER,45,137.02
-14.5,-77.7,2023-02,PER,11,19.49
-8.1,-79.6,2023-01,GBR,1,1.64
-9,-80.4,2023-03,PER,7,10.4
-8.9,-79.1,2023-02,PER,1,1.98
-8.1,-79.7,2023-02,PER,10,15.29
-13.3,-78.2,2023-02,PER,2,7.79
-16.7,-76.8,2023-03,ECU,2,4.56
-8.3,-79,2023-01,NA,1,0.33
-8.8,-78.9,2023-01,PER,4,0.66
-10.3,-78.4,2023-01,PER,1,0.52
-9.7,-80.4,2023-03,ECU,1,0.54
-13.2,-76.5,2023-01,NA,2,1.6
-14.4,-77,2023-03,AIA,1,0.25
-8.5,-79,2023-01,PER,5,3.41
-17.7,-77.6,2023-03,ECU,1,1.24
-8.3,-79.1,2023-01,GBR,1,6.22
-16.8,-72.8,2023-02,PER,3,4.97
-12.2,-77.5,2023-01,PER,1,1.03
-10.7,-80,2023-03,ECU,1,0.28
-13.9,-78.1,2023-02,PER,4,4.96
-11,-77.8,2023-01,HND,1,5.11
-8.3,-79.2,2023-02,PER,1,1.28
-6.6,-80.6,2023-01,PER,10,13.28
-8.1,-79.5,2023-01,NA,1,0.03
-10,-80,2023-03,PER,1,0.16
-8,-79.3,2023-01,NA,3,3.5
-8.8,-80.2,2023-01,PER,2,4.3
-6.6,-81.7,2023-02,PER,1,0.28
-13.7,-76.8,2023-01,PER,13,23.99
-6.2,-81.8,2023-02,ECU,1,0.11
-12.9,-78,2023-02,PER,1,4.18
-9,-78.7,2023-03,PER,1,0.13
-15.2,-76.7,2023-03,PER,1,1.89
-15.4,-77.1,2023-03,AIA,1,3.05
-15.4,-77.4,2023-02,AIA,1,1.43
-8.2,-79.4,2023-01,HND,1,10.58
-8.6,-79.8,2023-01,PER,1,0.31
-16.1,-77.9,2023-03,ECU,1,1.05
-10.6,-78.1,2023-01,PER,2,2.3
-11,-77.8,2023-01,AIA,1,3.09
-16.8,-78.2,2023-03,ECU,3,16.53
-12.4,-78.7,2023-02,PER,3,16.33
-14.2,-76.9,2023-03,PER,1,1.53
-14.7,-77,2023-03,NA,1,0.12
-4.1,-83.1,2023-03,ECU,1,2.48
-17,-77.8,2023-03,PER,1,18.21
-5.3,-81.6,2023-03,ECU,1,2.02
-14.2,-76.6,2023-02,PER,4,4.89
-12.6,-78.1,2023-02,PER,1,0.02
-7.1,-80.7,2023-01,PER,1,1.29
-16.4,-77.8,2023-03,ECU,1,4.89
-16.6,-73.3,2023-02,NA,1,1.63
-9.9,-78.4,2023-01,PER,78,353.49
-7.1,-79.8,2023-01,PER,27,49.37
-14.7,-77.8,2023-02,PER,7,27.69
-12.2,-77.3,2023-02,PER,1,0.25
-10.9,-78,2023-01,PER,7,12.09
-11.1,-79.6,2023-02,PER,1,6.39
-15.6,-77.5,2023-02,HND,1,4.71
-10.5,-78.1,2023-02,PER,36,87.85
-7.4,-79.9,2023-01,HND,1,3.25
-15.6,-78,2023-03,PER,1,1.57
-14.7,-77.4,2023-02,GBR,1,9.25
-4.7,-82.7,2023-02,PER,1,1.52
-8,-79.7,2023-01,PER,9,7.14
-12.9,-78.2,2023-03,PER,1,2.05
-15.3,-78,2023-02,PER,1,2.03
-4.6,-81.3,2023-02,PER,1,65.65
-9.4,-78.6,2023-01,PER,19,19.13
-18.1,-71.1,2023-02,NA,1,1.68
-12.4,-80.4,2023-02,PER,1,7.14
-3.5,-80.5,2023-02,PER,1,0.49
-11.7,-77.4,2023-02,PER,1,2.71
-14.9,-75.9,2023-01,PER,15,34.27
-17.2,-77.8,2023-02,NA,1,1.41
-13.6,-78,2023-02,PER,1,1.3
-11.1,-78.3,2023-03,PER,2,1.76
-10,-78.9,2023-02,PER,1,1.63
-8,-79.5,2023-02,NA,1,0.63
-9.8,-78.7,2023-01,PER,1,2.94
-8.1,-79.4,2023-01,HND,1,1.51
-13.8,-76.3,2023-01,PER,4,1.71
-5.8,-81,2023-01,PER,1,0.24
-14.6,-76.1,2023-01,NA,1,3.29
-12,-77.7,2023-03,PER,1,0.34
-6.8,-80.4,2023-01,PER,43,83.91
-6.6,-80.8,2023-01,HND,1,11.99
-15.5,-78.7,2023-03,ECU,1,1.1
-4.2,-81.3,2023-02,PER,2,0.34
-6.2,-81.5,2023-03,PER,1,6.91
-15.4,-77.3,2023-03,PER,3,6.36
-7.3,-80,2023-01,PER,26,45.01
-13.6,-76.8,2023-01,PER,12,18.73
-14,-76.6,2023-01,PER,9,25.19
-13.9,-77.2,2023-01,PER,1,0.22
-6.7,-80.3,2023-02,PER,1,0.77
-15.4,-77.6,2023-02,GBR,1,6.97
-12,-77.3,2023-01,PER,63,231.32
-14.9,-77.1,2023-03,NA,1,0.2
-11.5,-77.4,2023-01,PER,3,3.02
-15.4,-76.9,2023-03,PER,1,1.22
-6.6,-80.8,2023-01,AIA,1,4.27
-7.8,-82.8,2023-03,PAN,1,0.07
-12.1,-77.5,2023-01,PER,2,1.69
-13.7,-77.7,2023-02,AIA,1,3.21
-16.9,-78.3,2023-03,NA,1,1.29
-7.7,-79.8,2023-01,PER,48,93.49
-3.7,-81.4,2023-01,ECU,1,5.34
-9.2,-78.7,2023-02,NA,1,2.3
-14.9,-78.3,2023-02,ECU,1,3.79
-15,-78.2,2023-02,ECU,1,6.05
-16.8,-78.3,2023-03,PER,3,13.08
-13.8,-77.9,2023-01,PER,1,2.02
-7.9,-79.4,2023-02,PER,1,1.63
-8.2,-79.5,2023-01,NA,1,0.32
-7.8,-80.1,2023-01,PER,1,0.11
-12.5,-77.2,2023-02,PER,1,0.48
-12.5,-77,2023-01,NA,6,12.57
-17.1,-77.9,2023-02,NA,1,1.7
-14.5,-76.4,2023-01,PER,3,3.03
-8.2,-79.7,2023-02,PER,1,0.69
-6.8,-81.2,2023-03,PER,1,0.32
-12.3,-77,2023-01,PER,23,38.96
-13.5,-76.2,2023-02,NA,2,0.42
-7.8,-79.6,2023-03,PER,1,17.22
-13.6,-77.4,2023-01,PER,1,0.21
-7.8,-79.9,2023-02,PER,10,36.78
-12,-77.5,2023-02,PER,10,22.98
-5,-82,2023-03,ECU,1,8.56
-12.9,-76.8,2023-01,PER,23,31.71
-6.7,-80.5,2023-01,PER,18,18.01
-14,-76.6,2023-03,NA,1,5.78
-11.5,-81.2,2023-03,ECU,1,0.29
-13,-76.7,2023-01,PER,27,48.38
-14.8,-76.9,2023-02,PER,1,0.22
-14.8,-76.6,2023-03,PER,1,1.23
-3.5,-82.5,2023-02,PER,1,0.17
-6.3,-81.4,2023-03,PER,1,2.86
-6.5,-80.9,2023-03,PER,1,0.13
-15,-77.3,2023-02,GBR,1,2.77
-7.3,-79.7,2023-02,PER,1,0.31
-12.8,-77.3,2023-03,PER,2,2.2
-6.5,-80.7,2023-01,GBR,1,5.09
-14.9,-77.2,2023-02,GBR,1,0.28
-13.7,-78,2023-02,PER,2,2.84
-16.4,-78.1,2023-02,ECU,1,0.4
-14.5,-79.3,2023-03,ECU,1,2.16
-16.4,-78.4,2023-03,ECU,1,0.63
-15.5,-76.8,2023-03,PER,2,3.47
-12.2,-78.6,2023-03,PER,2,2.89
-5.1,-81.1,2023-02,ECU,1,0.99
-15.4,-79.2,2023-03,ECU,1,1.37
-14.1,-77.3,2023-03,PER,3,8.65
-17,-78.1,2023-02,PER,1,4.02
-7.4,-80.3,2023-02,PER,3,2.41
-13.8,-76.5,2023-02,PER,1,2.39
-16.3,-77.3,2023-03,PER,1,2.97
-12,-77.1,2023-01,SSD,1,2.18
-11.2,-79.6,2023-02,PER,1,3.05
-11.1,-77.6,2023-02,PER,1,1.83
-14.8,-77.5,2023-03,NA,1,2.98
-14,-77.5,2023-03,PER,1,0.09
-14.5,-76.4,2023-03,NA,1,6.28
-16.7,-76.7,2023-03,PER,2,8.13
-14.6,-77.4,2023-02,GBR,1,1.69
-15.6,-76,2023-03,PER,1,6.88
-15.7,-78,2023-03,PER,1,0.19
-16.3,-73.8,2023-02,PER,1,0.85
-14.8,-77.3,2023-02,PER,4,12.62
-7.8,-79.6,2023-01,NA,3,5.76
-16.6,-77.3,2023-03,ECU,2,7.68
-17.2,-78.1,2023-03,NA,1,2.43
-14.1,-76.6,2023-02,PER,1,1.13
-12.7,-78.1,2023-02,PER,1,1.38
-10.5,-81.3,2023-02,PAN,1,0.27
-10,-79,2023-03,ECU,1,4.25
-3.5,-81.4,2023-03,ECU,1,1.04
-14.6,-77.8,2023-02,PER,15,46.24
-3.5,-81.1,2023-02,ECU,2,4.07
-12.1,-77.3,2023-02,PER,6,7.65
-16.2,-77.8,2023-03,ECU,1,1.48
-14.5,-78.9,2023-03,ECU,1,0.42
-5,-81.9,2023-02,PER,1,5.99
-10.9,-77.8,2023-01,PER,22,32.9
-14,-76.3,2023-03,PER,1,1.09
-8.3,-79.3,2023-02,HND,1,1.2
-15.1,-76.9,2023-02,PER,4,6.43
-14.5,-77.4,2023-02,PER,4,6.45
-5.5,-81.6,2023-02,PER,1,6.44
-6.7,-80.9,2023-01,PER,44,129.77
-12,-77.6,2023-03,PER,1,0.12
-11.7,-77.7,2023-01,ECU,1,0.26
-6.9,-80.3,2023-02,PER,1,1.03
-6.3,-81,2023-03,PER,1,6.72
-7.2,-80.5,2023-01,PER,1,2.31
-13.4,-76.3,2023-01,PER,28,39.97
-6,-81.3,2023-02,PER,1,2.6
-13,-76.9,2023-02,NA,1,1.85
-15,-77.5,2023-02,PER,2,3.49
-17,-78,2023-03,PER,1,5
-12.6,-76.9,2023-01,SSD,1,0.86
-16.4,-78,2023-03,ECU,1,8.57
-15,-77.3,2023-03,NA,1,0.36
-7,-80.9,2023-03,PER,1,1.56
-13.9,-77.1,2023-01,PER,1,1.21
-14.7,-78,2023-02,PER,1,1.93
-12.2,-78.5,2023-02,PER,2,1.26
-15.6,-76.4,2023-03,PER,1,0.89
-13.1,-76.6,2023-02,PER,1,0.35
-15.7,-78.1,2023-02,PER,1,0.32
-12.4,-76.9,2023-01,NA,3,6.48
-8.4,-79.1,2023-01,HND,1,0.17
-3.8,-81.6,2023-02,PER,1,0.46
-15.1,-77.3,2023-02,PER,8,16.66
-7.7,-79.8,2023-02,GBR,1,2.25
-15,-78.1,2023-02,ECU,1,0.07
-12.5,-77.4,2023-03,PER,1,2.63
-8.2,-79.9,2023-03,PER,1,0.11
-14.8,-77.5,2023-02,GBR,1,0.65
-8.2,-79.6,2023-02,PER,38,63.16
-12.6,-76.8,2023-02,NA,1,1.56
-15.5,-77,2023-03,PER,6,29.11
-11.9,-77.4,2023-01,NA,1,2.28
-5,-81.5,2023-02,PER,1,1.42
-10.2,-78.3,2023-02,PER,4,5.08
-7.9,-79.8,2023-01,PER,2,1.11
-15.3,-77.8,2023-02,PER,17,55.42
-15.5,-77.8,2023-02,NA,1,0.87
-17.6,-71.3,2023-01,PER,1,1.02
-7.5,-79.8,2023-01,NA,2,11.2
-7.7,-79.4,2023-02,PER,4,4.02
-7.8,-79.7,2023-03,PER,1,5.56
-3.4,-81.2,2023-02,PAN,1,0.79
-16.5,-78.1,2023-02,ECU,1,6.71
-5.1,-81.1,2023-03,ESP,1,67.66
-14.6,-76.8,2023-01,PER,1,3.1
-13.8,-76.6,2023-01,NA,2,4.53
-12.7,-76.9,2023-01,HND,1,1.42
-11.8,-77.3,2023-01,PER,30,63
-16.5,-78.4,2023-03,ECU,1,0.88
-9.2,-79.7,2023-03,PER,1,0.6
-6.7,-82.4,2023-03,ECU,1,0.28
-13,-76.6,2023-01,PER,27,45.67
-11.5,-81.1,2023-03,ECU,1,1.5
-12.6,-77.1,2023-01,PER,9,5.45
-14.1,-77.6,2023-01,PER,1,3.02
-17.8,-71.4,2023-01,NA,2,25.59
-13.5,-77.8,2023-01,PER,1,0.78
-17.9,-71.4,2023-01,PER,2,8
-7.3,-79.7,2023-01,GBR,1,4.52
-15.4,-77.9,2023-02,NA,1,1.46
-9.2,-82.5,2023-02,ECU,1,0.49
-11.6,-77.8,2023-01,PER,3,8
-6.9,-80.5,2023-01,PER,42,107.95
-17.8,-76.9,2023-03,ECU,1,0.18
-12.2,-78.7,2023-03,PER,1,1.9
-12,-80.9,2023-02,ECU,1,2
-14.9,-77,2023-02,NA,1,1.2
-14.6,-76.2,2023-03,PER,1,0.96
-14.4,-76.6,2023-03,PER,1,0.96
-16.9,-77,2023-03,ECU,1,6.6
-6.4,-81.7,2023-02,PER,1,4.34
-7.3,-80.4,2023-01,PER,1,1.89
-13.5,-77.2,2023-03,PER,3,4.77
-12.4,-77.3,2023-03,PER,2,4.3
-11.9,-77.4,2023-03,PER,1,0.76
-13.5,-76.4,2023-01,PER,8,11.37
-12,-77.2,2023-01,SSD,1,0.42
-17.6,-71.5,2023-02,PER,5,4.61
-13.3,-76.4,2023-01,NA,1,5.14
-17.7,-77,2023-02,NA,1,4.75
-15.4,-76.5,2023-03,PER,3,3.63
-12.7,-76.9,2023-01,AIA,1,3.6
-14.6,-77.4,2023-01,PER,1,0.75
-9.5,-78.5,2023-01,AIA,1,2.94
-17.1,-77.3,2023-03,PER,1,0.12
-12.4,-76.9,2023-03,PER,1,0.19
-14.1,-76.7,2023-02,PER,1,0.94
-14.4,-77.5,2023-03,NA,1,3.24
-14.9,-76.4,2023-03,PER,1,0.75
-12.7,-78.2,2023-02,PER,1,0.31
-7.8,-79.5,2023-02,PER,1,4.01
-10.8,-77.9,2023-01,NA,4,11.65
-3.5,-81.2,2023-02,ECU,3,10.28
-14.4,-77.3,2023-02,PER,2,5.21
-12.9,-77.8,2023-02,PER,2,1.34
-13,-77.7,2023-02,PER,1,1.66
-9.2,-78.9,2023-01,PER,3,2.13
-15.5,-77.2,2023-02,PER,3,3.69
-17.6,-71.7,2023-01,NA,1,0.21
-3.7,-81.6,2023-02,PAN,1,9.32
-8.1,-79.6,2023-02,PER,22,42.02
-10.6,-79.4,2023-03,PER,2,0.64
-14.2,-76.5,2023-03,PER,1,1.35
-14.7,-77.4,2023-03,NA,1,0.12
-10.1,-78.3,2023-02,PER,38,202.19
-16.2,-77.6,2023-03,PER,1,1.28
-12,-78.3,2023-02,PER,1,1.55
-3.4,-81.1,2023-02,PER,1,0.6
-8.3,-79.2,2023-01,GBR,1,4.81
-8.3,-79.1,2023-02,PER,2,6.12
-8.3,-79.4,2023-03,PER,1,0.34
-3.5,-81.3,2023-02,PER,2,1.07
-15.1,-75.8,2023-03,PER,1,0.76
-13.9,-78.2,2023-02,PER,8,17.51
-17.4,-71.8,2023-01,PER,1,0.23
-6.6,-80.7,2023-01,PER,49,149.08
-16.4,-75.4,2023-03,PER,1,5.17
-9,-82.4,2023-03,PAN,1,3.32
-13.7,-77.8,2023-02,PER,1,0.52
-15.2,-77.3,2023-02,PER,7,10.53
-17.3,-71.8,2023-01,NA,2,0.73
-8.8,-80.1,2023-01,PER,2,2.82
-8.6,-79.4,2023-02,PER,2,1.79
-6.6,-81.6,2023-02,PER,1,2.97
-4.3,-81.5,2023-03,ECU,1,2.01
-7.6,-80.3,2023-02,PER,1,1.21
-14.6,-78,2023-02,PER,1,4.75
-12.1,-78.5,2023-02,PER,2,2.02
-9,-78.6,2023-03,PER,7,210.63
-9,-78.9,2023-02,PER,1,2.5
-12.7,-76.9,2023-01,SSD,1,1.52
-16.3,-78.5,2023-03,PER,1,1.96
-15.2,-76.9,2023-02,PER,6,7.37
-15.2,-76.6,2023-03,PER,1,2.08
-13.6,-78.1,2023-03,PER,2,8.25
-4.5,-82.3,2023-02,PER,1,0.13
-10,-78.5,2023-02,PER,1,1.71
-8.4,-79.3,2023-01,PER,17,15.62
-12.5,-78.8,2023-03,PER,1,2.28
-7.7,-79.7,2023-01,HND,1,1.19
-13.2,-77.3,2023-03,PER,1,0.06
-3.5,-80.9,2023-02,PER,1,0.1
-10.8,-78.3,2023-03,PER,1,1.56
-10.6,-78.2,2023-01,PER,1,0.38
-13.7,-77,2023-01,PER,1,4.01
-16.8,-78.1,2023-03,ECU,2,31.77
-6.1,-81.3,2023-01,PER,13,35.69
-11.3,-80.3,2023-02,PER,1,5.25
-12.4,-78.9,2023-03,PER,1,0.23
-14.2,-76.7,2023-02,PER,1,0.95
-4.1,-83.2,2023-03,ECU,1,0.34
-9.8,-79.7,2023-02,PER,1,2.17
-15.9,-77.9,2023-03,ECU,2,8.22
-12.4,-78.6,2023-02,PER,1,1.31
-16.1,-74.9,2023-03,PER,1,3.07
-17.3,-71.8,2023-03,PER,2,10.39
-9.1,-78.9,2023-01,PER,5,5.75
-12.5,-76.8,2023-03,USA,1,1.19
-9,-80,2023-03,PER,1,2.05
-17.5,-76.6,2023-03,ECU,1,3.15
-10.1,-78.5,2023-01,PER,1,0.07
-12.9,-76.7,2023-01,HND,1,8.13
-11.2,-77.7,2023-02,PER,1,0.64
-10.5,-78.2,2023-02,PER,3,2.35
-9.9,-78.8,2023-02,PER,2,3.26
-12.6,-76.9,2023-01,AIA,1,0.73
-3.8,-81.4,2023-01,ECU,1,2.86
-8,-79.6,2023-01,PER,26,31.73
-16.7,-77,2023-03,ECU,1,5.46
-12.1,-78.7,2023-03,PER,1,0.14
-11.7,-77.8,2023-01,PER,1,0.26
-8,-79.7,2023-02,GBR,1,0.95
-9.3,-80.3,2023-03,PER,3,9.85
-8.4,-79.5,2023-02,PER,5,9.29
-10,-78.3,2023-01,PER,22,30.75
-9.4,-78.7,2023-01,PER,19,29.32
-9.8,-81.4,2023-02,PER,1,0.17
-7.6,-79.8,2023-02,NA,1,0.33
-10,-81,2023-02,NA,1,12.92
-14.8,-78.7,2023-03,PER,1,0.06
-8.6,-79.1,2023-01,NA,1,0.08
-13.4,-78.5,2023-02,PER,1,1.85
-10,-78.7,2023-03,PER,1,2.26
-13.3,-76.5,2023-01,HND,1,3.42
-9.8,-78.6,2023-01,PER,1,1.04
-12.7,-77.1,2023-01,PER,4,1.16
-14.2,-77.6,2023-01,PER,2,8.82
-10.5,-78.1,2023-01,AIA,1,0.13
-12.8,-76.8,2023-01,PER,33,57.22
-7.5,-82.1,2023-02,PAN,1,0.41
-9.7,-79.3,2023-01,PER,1,0.26
-11.1,-77.8,2023-01,PER,19,35.91
-16.8,-76.9,2023-03,ECU,1,4.59
-14.9,-76.9,2023-02,PER,6,19.83
-14.9,-76.6,2023-03,PER,1,0.47
-13.4,-79.9,2023-02,ECU,1,3.02
-14.5,-76.3,2023-01,NA,1,0.83
-15.2,-75.5,2023-01,PER,1,1.18
-6.3,-80.9,2023-01,PER,36,90.39
-7.8,-79.8,2023-02,NA,1,0.51
-13,-77.2,2023-03,PER,1,0.15
-16.5,-77,2023-03,PER,1,4.16
-4.7,-81.8,2023-02,PER,1,1.38
-13.3,-76.6,2023-01,NA,1,3.29
-8.2,-79.1,2023-01,NA,3,8.94
-9.3,-78.8,2023-01,AIA,1,0.35
-7.7,-82.9,2023-03,ECU,1,3.2
-16.7,-72.9,2023-02,PER,2,2.41
-13.5,-76.6,2023-01,PER,1,1.68
-15.3,-79.2,2023-03,ECU,1,5.01
-11.9,-77.6,2023-03,PER,1,1.07
-12.1,-77.1,2023-01,PER,1,2.08
-13,-77.8,2023-01,PER,1,4.9
-16.9,-78.4,2023-03,PER,1,11.2
-15.1,-77.2,2023-03,NA,1,1.88
-13.9,-76.5,2023-02,PER,1,1.5
-12.9,-76.6,2023-02,PER,4,3.2
-7,-80,2023-01,GBR,1,0.34
-16.1,-77.3,2023-03,PER,1,0.07
-14.9,-77.5,2023-03,NA,1,14.68
-12.2,-78.2,2023-02,PER,2,5.36
-13.1,-77,2023-01,PER,1,0.1
-15.9,-78.8,2023-02,ECU,1,0.33
-12,-77.4,2023-01,NA,2,4.04
-6.5,-80.8,2023-01,PER,32,78.11
-14.9,-77.3,2023-02,PER,1,2.78
-11.7,-77.4,2023-01,AIA,1,3.46
-7.4,-79.9,2023-02,PER,7,8.28
-15,-77.2,2023-02,PER,10,29
-11.6,-77.5,2023-01,NA,3,3.53
-11.2,-78.4,2023-01,PER,1,0.5
-7.3,-80.6,2023-01,PER,1,1.44
-14.8,-76,2023-01,NA,1,1.31
-7.2,-80.2,2023-01,PER,9,11.04
-18.2,-70.8,2023-03,PER,1,0.17
-16.7,-77.8,2023-03,PER,1,5.99
-11.6,-77.7,2023-02,PER,1,0.26
-9.2,-79.2,2023-02,PER,1,2.8
-8,-79.7,2023-02,AIA,1,2.3
-7.4,-80.1,2023-01,PER,10,9.75
-6.8,-80.3,2023-01,NA,1,0.99
-14.1,-77.4,2023-01,PER,3,5.21
-5.7,-81.2,2023-01,PER,2,8.21
-5.5,-82.5,2023-03,ECU,1,0.32
-15.5,-77.5,2023-02,PER,7,16.12
-13,-77,2023-02,PER,15,41.03
-6.8,-81.9,2023-03,PER,1,6.29
-9.1,-78.6,2023-03,ECU,2,3.48
-6.8,-81.6,2023-02,PER,1,1.94
-7.9,-79.5,2023-01,NA,3,8.04
-13.6,-77.7,2023-01,PER,2,1.57
-11.9,-80.9,2023-02,ECU,1,7.62
-7.7,-79.6,2023-02,PER,38,95.15
-4.1,-81.5,2023-03,ECU,1,0.97
-15.3,-77.3,2023-03,PER,7,20.16
-9.4,-82.9,2023-02,NA,1,0.86
-3.8,-81.4,2023-02,PER,1,6.44
-12.2,-77.9,2023-02,ECU,1,1.95
-11.5,-77.7,2023-01,PER,5,7.86
-10.2,-78.2,2023-01,PER,8,7.99
-7.9,-79.7,2023-02,PER,28,38.08
-14,-77.4,2023-02,PER,1,1.09
-7.5,-79.7,2023-02,NA,1,0.02
-8.1,-79.7,2023-01,AIA,1,0.83
-14.8,-77.1,2023-03,NA,1,0.17
-7.8,-81.6,2023-03,PER,1,0.04
-9.5,-82.2,2023-02,PER,2,1.72
-15,-77,2023-03,PER,1,4.67
-11,-77.8,2023-02,PER,2,2.47
-18.2,-70.8,2023-01,NA,1,0.82
-8.3,-79.2,2023-01,HND,1,1.05
-14,-78.5,2023-03,ECU,1,0.19
-4.9,-82.3,2023-03,ECU,1,0.87
-15.6,-79,2023-03,ECU,1,0.09
-10.7,-78.3,2023-02,PER,1,1.3
-16.9,-77.7,2023-03,ECU,1,0.66
-14.1,-77.1,2023-02,NA,1,0.93
-16.4,-78.5,2023-02,ECU,2,1.81
-6.9,-80.2,2023-01,PER,32,64.71
-11.4,-80.4,2023-03,ECU,1,0.3
-15.1,-76.4,2023-03,PER,1,0.72
-6,-81.2,2023-01,PER,8,8.28
-4.1,-82.4,2023-02,PER,1,1.86
-12.4,-77,2023-01,PER,59,159.35
-8.1,-79.7,2023-01,HND,1,2.33
-18,-71.1,2023-01,PER,2,10.86
-15.6,-77.3,2023-02,PER,4,5.21
-13.1,-77.8,2023-02,PER,1,4.84
-14.8,-76,2023-03,PER,1,1.32
-12,-77.1,2023-02,PER,18,124.95
-14.5,-77.6,2023-02,PER,5,9.88
-6.8,-80.7,2023-01,PER,33,118.11
-16.4,-76.8,2023-03,PER,1,0.5
-12,-77.4,2023-03,PER,4,9.49
-11.6,-80.8,2023-02,PER,2,3.19
-12.3,-78.7,2023-02,PER,4,22.18
-14.2,-77.4,2023-01,PER,4,3.36
-14.3,-80.1,2023-02,PER,1,2.14
-17.5,-77.8,2023-03,ECU,1,0.18
-9.8,-78.4,2023-01,PER,69,233.86
-6,-81.7,2023-03,ECU,1,1
-15.9,-78.5,2023-03,PER,1,0.99
-7.6,-79.7,2023-01,NA,2,2.64
-13.2,-77,2023-01,PER,3,8.41
-10.8,-78,2023-01,PER,6,4.43
-8,-79.4,2023-01,PER,62,203.58
-11.7,-77.5,2023-01,NA,1,0.91
-9.4,-79.1,2023-03,PER,1,2.17
-10,-80.9,2023-02,PER,1,5.9
-18.1,-70.9,2023-01,NA,1,3.11
-15.4,-78,2023-02,PER,2,3.45
-4.7,-81.5,2023-03,ECU,1,2
-16.7,-78.4,2023-03,PER,1,0.11
-9.3,-78.6,2023-01,PER,14,30.81
-12.2,-77.1,2023-01,PER,10,22.18
-12.4,-78.1,2023-03,PER,1,1.57
-8.5,-79.6,2023-01,PER,1,0.52
-12.6,-78.7,2023-03,PER,1,1.4
-11.2,-77.8,2023-01,PER,21,64.44
-10.1,-81.5,2023-02,PER,1,4.88
-14.8,-75.9,2023-01,PER,7,9.38
-10.4,-79,2023-02,PER,1,0.1
-15.1,-75.5,2023-01,PER,6,9.8
-7.1,-80.4,2023-01,PER,6,3.18
-17.2,-77.6,2023-03,PER,1,0.43
-8.2,-79.7,2023-01,HND,1,0.38
-12.5,-78.3,2023-02,PER,2,3.82
-10.1,-80.9,2023-01,PER,1,0.52
-14.5,-77.8,2023-02,AIA,1,8.19
-10.3,-79.9,2023-03,PER,1,0.37
-15.9,-78.7,2023-02,PER,1,8.86
-13.4,-78.2,2023-02,PER,1,3.05
-8.4,-79,2023-01,NA,3,7.91
-8.9,-78.9,2023-01,PER,3,4.13
-15.7,-77.3,2023-02,PER,1,1.63
-12.2,-77.3,2023-01,SSD,1,2.35
-8.4,-79.1,2023-01,GBR,1,6.11
-12,-77.2,2023-02,PAN,1,0.44
-13.8,-78.1,2023-02,PER,4,4.96
-5.9,-81.6,2023-03,ECU,1,2.09
-16.2,-78.5,2023-02,ECU,1,4.6
-14.7,-76.5,2023-03,PER,1,1.18
-7.9,-79.4,2023-01,HND,1,0.49
-14.2,-77.1,2023-02,NA,1,0.26
-17.4,-71.5,2023-01,NA,2,2.16
-17.5,-71.6,2023-02,PER,1,0.71
-4.1,-81.8,2023-02,PER,1,1.18
-10.9,-78.6,2023-01,PER,1,0.21
-17.2,-72,2023-02,NA,3,17.94
-8.1,-79.4,2023-02,PER,2,2.11
-16.6,-77.9,2023-03,PER,1,11.09
-15.3,-77.1,2023-03,AIA,1,3.28
-9.8,-79,2023-02,PER,1,1.65
-9.4,-82.4,2023-02,ECU,1,0.2
-13.7,-77.7,2023-01,PER,2,7.79
-8.5,-79.2,2023-01,PER,3,0.7
-5.8,-82.1,2023-02,PER,1,0.65
-12.4,-78.7,2023-03,PER,4,10.2
-14.2,-76.6,2023-03,PER,1,1.38
-13.2,-76.7,2023-01,NA,1,0.04
-9.4,-82.5,2023-02,ECU,1,0.96
-8.3,-79.2,2023-01,NA,3,4.19
-15.5,-75.9,2023-03,PER,1,1.27
-9.3,-78.8,2023-03,PER,1,1.59
-14.9,-77.7,2023-02,HND,1,3.85
-12.2,-77.3,2023-03,PER,3,4.68
-15.7,-78.3,2023-03,ECU,1,0.93
-8.1,-79.5,2023-02,PER,16,20.22
-16.6,-77,2023-03,PER,2,6.53
-9.1,-78.7,2023-01,PER,18,23.08
-11.2,-77.9,2023-02,PER,1,0.3
-9.6,-79.1,2023-03,PER,1,0.24
-14.8,-77.1,2023-03,AIA,1,1.77
-11.7,-77.5,2023-01,SSD,1,1.53
-16.7,-78.7,2023-02,PER,1,3
-4.8,-81.5,2023-03,ECU,1,5.75
-7,-81.4,2023-03,ECU,1,1
-16.2,-78.4,2023-02,ECU,1,0.58
-11.5,-78,2023-03,PER,1,1.3
-16,-77.3,2023-03,PER,1,0.67
-12.1,-78.6,2023-02,PER,4,30.97
-16.5,-78.7,2023-03,NA,1,5.61
-8.6,-79,2023-03,PER,1,1.7
-8.8,-80,2023-01,PER,1,0.76
-14.6,-77.9,2023-02,HND,1,2.45
-12.7,-77.8,2023-02,PER,1,3.2
-11.7,-77.4,2023-03,PER,1,2.52
-7,-84.3,2023-02,ECU,1,13.61
-8.4,-82.9,2023-03,ECU,1,0.76
-10,-78.9,2023-03,PER,1,1.3
-16.4,-78.6,2023-03,NA,1,1.54
-8.8,-79.5,2023-03,PER,1,0.41
-9.6,-78.8,2023-02,PER,5,6.05
-8,-83.6,2023-03,ECU,1,0.13
-8.9,-79.1,2023-03,PER,1,0.32
-9,-80.1,2023-03,PER,2,1.89
-7.1,-80.5,2023-01,PER,4,6.97
-16.8,-78,2023-03,ECU,1,5.05
-9,-79.6,2023-01,PER,1,1
-15.4,-78.9,2023-02,PER,1,1.29
-4.2,-82.6,2023-02,PER,1,0.67
-8.1,-79.3,2023-01,PER,91,472.48
-9.5,-78.8,2023-01,PER,1,1.25
-10.9,-78.2,2023-01,PER,13,27.36
-12.2,-77.3,2023-01,NA,2,4.25
-6.6,-80.9,2023-01,PER,57,130.87
-11.7,-77.4,2023-01,NA,4,24.8
-16.5,-78.3,2023-03,PER,1,0.07
-9,-78.7,2023-02,PER,1,0.1
-17.1,-78.3,2023-03,NA,1,1.29
-16.7,-77.1,2023-03,ECU,2,4.47
-8,-79.5,2023-01,PER,49,136.37
-9.8,-78.5,2023-01,PER,20,29.05
-8,-79.7,2023-02,NA,3,4.95
-14.2,-77.5,2023-01,PER,4,12.76
-12.7,-77,2023-01,PER,48,80.29
-8.2,-79.1,2023-01,HND,1,0.59
-16.8,-77.6,2023-03,PER,1,0.99
-8.8,-79.7,2023-02,PER,1,3.1
-15.2,-76.7,2023-02,PER,3,5.2
-13.6,-78.2,2023-02,PER,2,4.75
-13.4,-78.6,2023-02,PER,1,4.94
-16,-79.2,2023-03,ECU,1,1.85
-16.1,-77.9,2023-02,ECU,1,0.82
-12,-80.8,2023-02,PER,1,10.13
-6.3,-81.1,2023-03,PER,1,0.76
-6.8,-82.6,2023-03,ECU,1,0.22
-14.5,-77,2023-03,PER,11,41.6
-12,-77.5,2023-03,PER,2,8.18
-17.4,-77.8,2023-03,NA,1,6.3
-16.5,-78.2,2023-03,ECU,1,5.11
-5.5,-81.5,2023-02,PER,1,0.07
-14.3,-77.8,2023-02,PER,10,22.1
-7.4,-79.8,2023-01,PER,64,186.08
-9.7,-78.8,2023-02,PER,10,8.09
-15.4,-77.7,2023-02,NA,1,2.02
-7.3,-79.9,2023-01,GBR,1,0.42
-5.8,-81.2,2023-01,PER,4,4.72
-16.2,-78.6,2023-03,NA,1,5.38
-9.7,-81.7,2023-02,PER,1,5.56
-14.5,-77.8,2023-02,NA,1,2.38
-17.6,-77.8,2023-03,ECU,1,0.28
-7.3,-79.7,2023-03,PER,1,0.56
-11.8,-77.9,2023-03,PER,1,0.11
-12.2,-78.9,2023-03,PER,1,0.24
-12.2,-78.6,2023-02,PER,4,9.4
-17.1,-72.2,2023-02,PER,4,8
-5.1,-81.1,2023-03,ECU,1,0.12
-13.9,-77,2023-01,PER,3,4.39
-16.4,-78.4,2023-02,ECU,1,2.25
-12.6,-77.8,2023-02,PER,1,0.66
-14.1,-77.3,2023-02,PER,1,2
-17,-78.1,2023-03,PER,1,2.12
-13.8,-76.5,2023-03,PER,1,3.34
-13.3,-76.6,2023-01,SSD,1,1.02
-15,-77.6,2023-02,PER,4,8.26
-7.3,-80.2,2023-01,PER,1,0.4
-4,-81.9,2023-02,PER,1,0.19
-13.5,-77.4,2023-03,PER,1,0.13
-7.2,-80.6,2023-01,PER,1,2.35
-12.5,-77,2023-02,PER,1,1.19
-14,-77.5,2023-02,PER,2,2.08
-13.5,-76.2,2023-01,PER,11,11.44
-11.9,-77.2,2023-03,PER,4,89.71
-12.8,-76.9,2023-02,PER,2,1.98
-11.9,-77.8,2023-01,PER,1,1.27
-14.1,-76.6,2023-03,PER,1,5.01
-14.9,-76.2,2023-03,PER,1,5.15
-16.2,-77.8,2023-02,ECU,1,3.02
-9.2,-78.7,2023-01,PER,28,57.91
-15.5,-77.4,2023-02,PER,4,6.03
-12.3,-77.2,2023-01,PER,44,109.65
-14.5,-78.6,2023-03,ECU,1,4.82
-15.5,-77.1,2023-03,PER,6,10.32
-8.2,-79.5,2023-02,PER,11,10.15
-7.9,-79.4,2023-01,NA,3,2.35
-12.1,-77.3,2023-03,PER,4,13.93
-3.5,-81.1,2023-03,ECU,2,8.51
-11,-77.9,2023-01,PER,23,43.22
-13.7,-78.2,2023-02,PER,6,12.2
-14.1,-77.5,2023-01,PER,1,9.21
-12.6,-77,2023-01,PER,51,121.05
-14.3,-77.2,2023-02,NA,1,9.11
-7,-80.3,2023-01,PER,2,3.56
-9.5,-78.6,2023-01,HND,1,0.49
-15.4,-77.3,2023-02,PER,6,8.76
-13.8,-76.5,2023-01,NA,2,6.55
-6.8,-80.1,2023-01,PER,19,23.38
-14.5,-77.2,2023-02,PER,1,1.84
-16.5,-78,2023-02,ECU,1,0.49
-6.7,-80.7,2023-01,PER,35,64.35
-6.3,-81,2023-01,GBR,1,6.37
-14,-76.9,2023-01,PER,2,5.58
-14.3,-77,2023-01,PER,3,11.3
-11.6,-77.4,2023-01,NA,3,8.35
-13,-76.7,2023-02,NA,1,0.18
-16.9,-77.1,2023-03,ECU,1,4.3
-7.3,-79.7,2023-01,NA,1,2.71
-13.1,-77.9,2023-01,PER,1,3.04
-6.9,-80.6,2023-01,PER,28,104.21
-9.5,-78.6,2023-01,AIA,1,2.96
-8.2,-79.3,2023-01,PER,63,212.54
-13.3,-76.8,2023-01,PER,17,34.42
-17.7,-77.1,2023-02,NA,1,2.86
-15.4,-76.6,2023-03,PER,3,3.89
-10.2,-78.6,2023-01,PER,2,1.21
-16.8,-78.3,2023-02,PER,1,3.42
-12.1,-77.3,2023-01,NA,4,13.87
-12.5,-77.2,2023-03,PER,2,10.95
-7.6,-79.7,2023-01,HND,1,5.27
-17.6,-71.6,2023-02,PER,1,1.2
-16.5,-77.9,2023-03,PER,2,1.15
-3.7,-81.5,2023-02,PAN,1,2.49
-13.5,-76.2,2023-03,NA,1,1.02
-10.3,-78.3,2023-01,AIA,1,3
-14.5,-76.1,2023-01,PER,18,27.5
-7.8,-79.6,2023-02,PER,37,87
-13.4,-77.7,2023-01,PER,1,3.33
-7.8,-79.9,2023-03,PER,1,2.23
-14,-77.3,2023-01,PER,3,12.07
-7.8,-79.7,2023-01,GBR,1,2.05
-3.6,-81.2,2023-01,ECU,1,1.79
-17.7,-71.5,2023-01,PER,2,5.82
-14.3,-80,2023-02,PER,1,3.03
-9.2,-82.9,2023-02,NA,1,8.15
-8.6,-79.3,2023-01,PER,5,4.02
-9,-78.8,2023-01,PER,18,18.62
-7.8,-79.7,2023-01,HND,1,7.19
-10.4,-78.2,2023-01,PER,37,55.03
-4.2,-81.5,2023-03,ECU,1,2.98
-16.7,-77.9,2023-03,ECU,2,5.99
-7.6,-79.9,2023-03,PER,2,2.32
-13.2,-77.1,2023-01,PER,2,8.15
-7.6,-79.6,2023-02,PER,1,3.94
-10.8,-78.1,2023-01,PER,2,3.02
-12.7,-76.9,2023-01,NA,3,10.06
-16.2,-77.2,2023-03,PER,1,8.25
-4.2,-82.4,2023-02,PER,1,3.65
-16.8,-76.8,2023-03,PER,2,3.64
-16.9,-76.8,2023-03,NA,1,1.61
-15.1,-75.6,2023-01,PER,14,22.96
-8.9,-79.9,2023-03,PER,1,0.18
-17,-77.7,2023-03,NA,1,19.23
-8.1,-79.2,2023-02,PER,1,3.96
-16.9,-78.3,2023-03,ECU,3,10.91
-17.3,-71.9,2023-02,NA,3,8.45
-10.1,-81.6,2023-02,PER,1,3.86
-9.5,-78.7,2023-02,PER,19,44.89
-13.7,-77.9,2023-01,PER,1,5.51
-6.3,-81,2023-01,HND,1,3.56
-10.8,-77.9,2023-01,AIA,1,1.82
-15.8,-74.7,2023-03,PER,1,1.75
-17.4,-71.9,2023-02,PER,2,1.46
-7.1,-81.4,2023-03,PER,1,0.04
-8,-80.7,2023-03,PER,1,5.3
-8.4,-79.1,2023-01,NA,3,14.2
-16.3,-78.4,2023-03,PER,1,2.63
-9.4,-81.9,2023-02,PER,1,0.18
-10,-78.4,2023-02,PER,9,18.7
-14.2,-77.2,2023-01,PER,1,0.16
-17,-72.1,2023-03,PER,1,122.85
-14.2,-77,2023-02,NA,1,0.8
-15,-75.6,2023-02,PER,10,22.31
-16.2,-78.9,2023-03,ECU,1,0.08
-13.8,-78,2023-02,PER,3,9.85
-8.6,-79.5,2023-02,PER,1,1.78
-17.1,-78.2,2023-02,PER,1,0.13
-3.8,-84.4,2023-03,ECU,1,0.16
-8.4,-79,2023-01,GBR,1,5.9
-7.5,-79.8,2023-01,HND,1,0.65
-9,-80.9,2023-01,NA,1,0.29
-11.9,-80.8,2023-02,PER,1,0.42
-5.4,-81.6,2023-03,ECU,1,0.96
-6.6,-82.6,2023-03,ECU,1,0.21
-17.5,-71.5,2023-02,PER,5,22.31
-9,-82.5,2023-03,PAN,1,2.91
-9.6,-79.9,2023-03,PER,1,2.58
-5.6,-81.2,2023-01,PER,6,16.13
-7.1,-79.9,2023-01,GBR,1,2.07
-16.7,-78.2,2023-03,PER,3,6.99
-13.5,-78.3,2023-02,PER,1,2.52
-11,-78,2023-03,PER,2,2.95
-15.9,-77.2,2023-02,ECU,1,2.14
-9.6,-80.4,2023-01,PER,1,6.28
-12.4,-78.2,2023-02,PER,3,3.54
-14.7,-77.5,2023-03,NA,1,1.35
-7.1,-80.2,2023-01,PER,7,12.53
-15.8,-78,2023-03,PER,1,0.78
-10.6,-79.5,2023-03,PER,1,0.07
-14.7,-77.3,2023-02,PER,1,1.1
-16.7,-78.3,2023-03,ECU,2,15.25
-14.5,-76.9,2023-01,PER,4,34.51
-8.2,-79.2,2023-02,PER,4,8.66
-16.5,-77.1,2023-03,PER,1,0.14
-14.8,-77,2023-01,PER,1,3.43
-14.4,-77.4,2023-03,NA,1,0.21
-17.2,-71.9,2023-02,PER,3,4.94
-7.6,-79.8,2023-02,HND,1,4.21
-16.5,-73.9,2023-03,PER,1,2.51
-6.9,-81.2,2023-03,PER,1,0.96
-13.2,-78.2,2023-02,PER,2,2.53
-15.4,-76.4,2023-03,PER,2,0.72
-12.6,-76.9,2023-01,NA,7,22.96
-16.4,-77.2,2023-03,PER,1,10.29
-17.6,-71.4,2023-02,PER,4,50.51
-11.9,-77.5,2023-03,PER,1,1.8
-13.5,-76.5,2023-01,PER,12,20.61
-13.3,-76.5,2023-01,NA,3,14.37
-8.7,-78.9,2023-01,PER,4,10.37
-7.9,-79.9,2023-02,PER,31,125.71
-10.2,-78.4,2023-01,PER,4,2.56
-11.4,-77.6,2023-01,SSD,1,0.65
-17.5,-77.9,2023-03,PER,1,1.92
-15.5,-76.7,2023-03,NA,1,2.56
-8.3,-79.4,2023-01,HND,1,0.93
-13.6,-76.3,2023-01,PER,4,7.08
-15.3,-76.7,2023-03,PER,9,17.94
-10.9,-77.9,2023-02,PER,3,5.05
-7.6,-79.8,2023-02,AIA,1,3.59
-6.9,-80.4,2023-01,PER,28,52.57
-13.9,-77.7,2023-01,PER,2,3.89
-12.4,-76.9,2023-01,SSD,1,3.21
-6.8,-80.3,2023-01,GBR,1,0.67
-12.4,-77.1,2023-03,NA,1,0.92
-14.9,-77.6,2023-03,NA,1,1.73
-7,-80.1,2023-01,GBR,1,4.72
-12.9,-76.7,2023-01,NA,2,10.59
-8.7,-79.3,2023-01,PER,3,1.7
-7.4,-80,2023-01,PER,40,79.05
-13.8,-76.8,2023-01,PER,2,2.79
-13.4,-76.4,2023-02,PER,1,0.43
-6,-81.4,2023-01,PER,15,19.43
-6.8,-80.9,2023-01,PER,6,6.32
-12,-77.2,2023-03,PER,33,675.37
-11.9,-77.4,2023-01,SSD,1,4.38
-13.9,-77.3,2023-03,PER,2,5.7
-11.3,-77.9,2023-03,PER,1,14.45
-12.6,-76.9,2023-03,PER,2,4.32
-14.6,-77.5,2023-03,NA,1,1.31
-9.7,-80.4,2023-01,PER,1,0.98
-7.7,-79.5,2023-02,PER,6,2.53
-14.6,-77.3,2023-02,PER,2,6.26
-7.9,-79.6,2023-01,NA,2,5.52
-8.2,-79,2023-03,PER,1,2.15
-7.5,-79.7,2023-02,GBR,1,2.15
-14.8,-77.4,2023-02,GBR,1,0.39
-13,-77.1,2023-02,PER,1,1.48
-15.5,-77.6,2023-02,PER,12,45.24
-9.7,-79.9,2023-03,PER,1,0.48
-11.9,-77.7,2023-02,PER,3,4.97
-7.9,-79.5,2023-01,GBR,1,3.44
-14.8,-77,2023-03,NA,1,2.18
-14.3,-76.9,2023-03,PER,1,1.18
-16.3,-77.8,2023-03,PER,3,8.6
-9.7,-79.6,2023-02,PER,1,0.32
-12,-77.6,2023-01,SSD,1,2.09
-17.6,-76.6,2023-03,ECU,1,2.3
-12.5,-77.5,2023-03,PER,1,3.33
-9.4,-82.3,2023-02,PER,1,9.6
-14.5,-76.9,2023-03,NA,1,2.23
-14.8,-77.8,2023-02,PER,9,33.57
-9.2,-78.8,2023-02,PER,6,9.47
-16.9,-78.2,2023-03,PER,2,12
-7.7,-79.7,2023-01,NA,2,4.82
-12.9,-77.9,2023-01,PER,1,4.11
-11.4,-77.8,2023-01,PER,4,4.81
-13,-76.8,2023-03,PER,1,4.03
-3.8,-82.6,2023-03,ECU,1,1.86
-6.4,-81.4,2023-03,PER,1,0.17
-6,-83,2023-01,PAN,1,0.66
-6.4,-81.1,2023-02,PER,1,0.24
-15.6,-79.1,2023-03,ECU,1,0.77
-12.9,-76.7,2023-03,PER,2,4.79
-4,-81.1,2023-02,PER,1,0.81
-11.2,-78.2,2023-01,PER,2,1.62
-13.5,-77.9,2023-02,PER,1,1.01
-7.4,-79.7,2023-02,PER,14,49.14
-15,-77.4,2023-02,PER,2,5.72
-7.2,-80.4,2023-01,PER,4,2.73
-17.9,-71.3,2023-02,PER,3,4.83
-12,-77.2,2023-01,NA,3,11.49
-12.7,-79.3,2023-03,PER,1,5.39
-7.8,-81.5,2023-03,PER,1,0.2
-14.4,-76.8,2023-01,PER,4,2.89
-14.5,-77.5,2023-02,PER,8,21.53
-14.8,-76.1,2023-03,PER,1,0.25
-9.2,-79.1,2023-03,PER,1,1.22
-6.3,-81.9,2023-03,PER,1,2.2
-18,-71,2023-01,PER,2,7.14
-12.8,-77,2023-02,NA,1,0.72
-12.3,-76.9,2023-02,PER,1,45.19
-14.1,-77.2,2023-01,PER,2,5.49
-8.7,-82.7,2023-03,ECU,1,0.66
-12.4,-77.1,2023-01,PER,43,128.42
-4.6,-81.5,2023-03,ECU,1,2.97
